rule_id,forbidden_output,rationale,policy_basis,policy_quote,enforcement,policy_version
B01,建议增加诊疗项目（"建议加做某项治疗/检查以进入更高权重组"）,"构成诱导医疗需求，属违规使用医保基金",《医疗保障基金使用监督管理条例》（国务院令第735号）第三十八条、第四十条,"定点医药机构不得分解住院、挂床住院，不得违反诊疗规范过度诊疗、过度检查、分解处方、超量开药、重复开药或者提供其他不必要的医药服务",生成前过滤 + 输出白名单校验 + 月度抽查,条例-2021
B02,建议延长住院（"再住几天即可达标"）,"住院时长由临床需要决定，不得为结算人为延长",某地区医保局〔2025〕27号 附件2；《医疗保障基金使用监督管理条例》,"（住院天数为入组条件之一，但不得据此延长住院）",W04 规则强制非干预措辞 + 审计抽查,某地区医保局〔2025〕27号-2025版
B03,建议修改诊断以进入更高权重组（"建议把主诊断改成XX"）,"构成虚假诊断与高套分组，属骗保",《医疗保障基金使用监督管理条例》第四十条；刑法第二百六十六条（诈骗罪）,"（虚假就医、伪造证明材料等骗取医保基金支出的行为依法处理）",W01 仅提示复核依据、禁止给出目标诊断 + 双人复核,条例-2021
B04,建议增加中医操作项目（"再补一个毫针即可覆盖3类"）,"若临床未执行则属虚构服务",某地区医保局〔2025〕27号 附件2；《医疗保障基金使用监督管理条例》,"（入组需真实执行的中医操作）",W03 措辞限定为"若临床已执行但未录入" + 与医嘱/执行记录交叉核验,某地区医保局〔2025〕27号-2025版
B05,向院外传输原始病历文本（含姓名/身份证/住院号/住址/电话）,"患者隐私与数据安全",《个人信息保护法》《数据安全法》；使用方确认的 AI 路线（去标识化网关强制）,"（原始病历默认不出网）",去标识化网关 + 内容三级分级 + 出网审计日志,使用方确认-2026-09-20
B06,AI 直接判定 DRG 分组并对外发布,"分组必须来自确定性规则引擎，才可审计可复现",某地区医保局〔2025〕26号 DRG 付费办法（结算以医保平台结果为准）,"（分组结果以医保平台为准）",AI 仅用于解释生成与政策问答；分组输出仅出自规则引擎,某地区医保局〔2025〕26号-2025版
B07,将用药线索直接转换为编码（"用了胰岛素就填糖尿病"）,用药不等于诊断（应激性高血糖等常见），直接转换将产生虚假诊断,某地区医保局〔2025〕27号；《医疗保障基金使用监督管理条例》,"（按真实、准确、完整原则填报）",W14 输出强制标注"线索，非编码依据" + 临床确认必经 + 编码员双人复核,某地区医保局〔2025〕27号-2025版
B08,把"编码不足以证明入组"直接表述为"漏编"并在院内通报,R1 实测假阳性约 89%（450 触发中仅 48 例确证），未经核实的定性会损害科室信任,内部质量约定（依据 2026-09-20 552 例回测）,（—）,S14 输出统一措辞为"待核线索"，确证须经信息科/医保办核实平台实际收码口径,院内规则-2026v1
B09,以盈亏／超支付标准为由提示医师减少必要诊疗／提前出院／推诿重症患者,"与 B01（诱导增加）对称的另一侧风险：为控费减少必要服务同样违规，且直接危及医疗安全",《医疗保障基金使用监督管理条例》；《医疗质量管理办法》（具体条款需医务科确认）,"（不得推诿患者、不得为控费减少必要诊疗）",W18 措辞限定为事实陈述 + 输出白名单校验 + 医师反馈通道,院内规则-2026v1
