rule_id,category,rule_text,trigger_condition,data_source,output_template,policy_basis,policy_quote,policy_version,status,confirmed_by,confirmed_date
W01,入组-诊断,主要诊断选择依据提示：当主诊断未命中任何中医优势病组诊断清单时，提示由病案编码员复核主要诊断选择依据（仅提示选择依据，不涉及诊疗项目）,中医优势病组规则判定：主诊断 ∉ 10 个组的诊断清单,源表(diagnosis)（列(kind_input) 3/4、列(kind_diagnose)=2、列(order)=1）,请由病案编码员复核主要诊断选择依据（本提示仅针对主要诊断的选择，不涉及诊疗项目增减）,某地区医保局〔2025〕27号 附件2《中医优势病组主要诊断及中医主要手术或操作表》,入组条件：同时包含主要诊断和中医主要手术或操作，住院天数≥N天,某地区医保局〔2025〕27号-2025版,已确认,sig_a（信息科主管）、sig_b（医务科）,2026-09-20
W02,入组-诊断,中医病证编码规范填报提示：入组条件满足时，提示确认中医病证编码按规范填报,命中中医优势病组且中医病证编码缺失或非规范格式,源表(diagnosis)（列(kind_diagnose) 1=中医病/3=证型）,入组条件已满足；请确认中医病证编码按规范填报,某地区医保局〔2025〕27号 三·结算清算；国标 GB/T 15657-2021《中医病证分类与代码》,中医优势病组病例应按中医病证分类与代码填报（本单位现用院内点分码 A07.06. 式，需映射国标 TCD）,某地区医保局〔2025〕27号-2025版,已确认,sig_a（信息科主管）、sig_b（医务科）,2026-09-20
W03,入组-操作,已执行中医操作补录提示：当入组差距仅为操作类覆盖不足时，提示『若临床已执行但未录入，可补录对应操作编码』,中医治疗组规则：诊断命中、住院天数达标，但中医操作类覆盖 < 3 类,源表(advice_long)/Temporary（列(time_execute) 非空）经 cost_item_attribute 映射为操作类 0~4,若临床已执行但未录入，可补录「中医操作类 X」对应操作编码,某地区医保局〔2025〕27号 附件2（中医治疗组『入组条件 1~5』为四类中医操作的组合）,入组条件 1：主要诊断+中医手术或操作1+中医手术或操作2+中医手术或操作3，住院天数≥10天,某地区医保局〔2025〕27号-2025版,已确认,sig_a（信息科主管）、sig_b（医务科）,2026-09-20
W04,入组-天数,住院天数差距提示（非干预性）：当唯一差距为住院天数不足时，仅陈述事实并声明不做人为干预,中医优势病组规则：诊断命中、操作达标，但住院天数 < 组要求,源表(admission).列(inhospital_day),当前已满足诊断条件，差距在住院天数；请按临床规范执行，不做人为干预,某地区医保局〔2025〕27号 附件2（各组住院天数门槛 10/12/20 天）,1.IR1Z …… 住院天数≥10天；2.IR2Z …… 住院天数≥20天,某地区医保局〔2025〕27号-2025版,已确认,sig_a（信息科主管）、sig_b（医务科）,2026-09-20
W05,结算-中治率,中治率预警：逐例实时计算中治率，低于 60% 时提示该病例结算时将按普通内科组权重清算,按官方公式计算的中治率 < 60%,费用三表经 cost_item_attribute 科目映射（中医治疗费/中成药费/中药饮片费/西药费/西医治疗费/手术费/卫生材料费）,中治率 X% 未达标（中医组将降级为内科组）,某地区医保局〔2025〕27号 二·结算清算,月度结算或年度清算时依据「中治率」≥60% 进行考核，对「中治率」＜60% 的病例，按相应 ADRG 内科 DRG 病组（区分严重程度分组的，按伴一般合并症或并发症组）权重标准进行清算,某地区医保局〔2025〕27号-2025版,已确认,sig_a（信息科主管）、sig_b（医务科）,2026-09-20
W06,质控-费用,费用结构异常提示：某科目占比显著偏离同病组中位数时提示复核（仅提示核对，不建议增减项目）,同病组内某中治率科目金额占比 > 中位数 + 2 倍标准差,费用三表 + 病组维度基线（S08 看板）,该病例 X 科目占比 Y%，高于同病组中位数；请核对收费明细是否完整/准确,《医疗保障基金使用监督管理条例》（国务院令第735号）第十五条（如实记录并传送医疗服务、费用等信息）,定点医药机构及其工作人员应当如实出具费用清单和相关资料,某地区医保局〔2025〕27号-2025版,已确认,sig_a（信息科主管）、sig_b（医务科）,2026-09-20
W07,质控-编码,漏编 CC/MCC 提示（二期）：当其他诊断中包含 CC/MCC 表中编码但未参与分组时提示复核（仅提示核对病历记录，不建议补写不存在的诊断）,主诊断对应的 ADRG 存在伴合并症分组，且病历中已记录其他诊断未纳入,源表(diagnosis)（其他诊断）+ CHS-DRG2.0 CC/MCC 排除表,本例其他诊断中存在可能影响分组的编码，请病案编码员核对是否应纳入填报,CHS-DRG 2.0 分组方案（国家医保局）；《医疗保障基金使用监督管理条例》,按真实、准确、完整原则填报病案首页与结算清单,某地区医保局〔2025〕27号-2025版,已确认,示例医务丁,2026-09-23
W08,结算-时限,清单上传时限提醒：出院后第 8 日仍未上传结算清单的病例，列入每日催办清单,出院日期 + 8 天 ≤ 当日 且 未检测到上传记录,源表(admission).列(time_out) + 上传流水（需信息科提供上传日志表）,住院号 X 出院已 N 日，请尽快完成结算清单上传（限 10 日内）,某地区医保局〔2025〕26号《某地区基本医疗保险按疾病诊断相关分组（DRG）付费办法（2025版）》,定点医疗机构应在参保人员出院后 10 日内上传医保结算清单（次月 7 日前补齐）,某地区医保局〔2025〕26号-2025版,已确认,sig_a（信息科主管）、sig_b（医务科）,2026-09-20
W09,结算-单议,特病单议资格筛查：费用极高（前 5%）或极低（<40%）的病例，提示可申报特病单议（仅提示资格，不代填材料）,病例总费用与同病组支付标准比值 > 高倍率阈值 或 < 低倍率阈值,S08 盈亏看板（官方支付标准与总费用）,住院号 X 费用为支付标准的 N 倍，符合特病单议申报条件范围，建议医保办评估,某地区医保局〔2025〕26号 DRG 付费办法（费用极高前 5%、极低 <40% 按项目付费；特病单议数量三级 5‰/二级 3‰/一级 1‰）,费用极高病例（前5%）与费用极低病例（低于支付标准40%）按项目付费；特病单议按机构等级设定比例,某地区医保局〔2025〕26号-2025版,已确认,sig_a（信息科主管）、sig_b（医务科）,2026-09-20
W10,数据质量,退费/冲账口径提示：费用明细中存在负数行（退费/红冲）时，对账按正数合计口径并单列调整项,费用三表 列(hospital_no) 下存在 列(money) < 0 的行,源表(fee_prefix)Check/Cure/Medicine_In,本住院号含退费/红冲 N 笔（合计 X 元），已按「正数合计」口径对账，调整项单列,内部对账规则（依据 2026-09-20 实测：正数口径一致率 99.5% vs 净额 24.5%）,—（院内口径约定，需财务科确认）,院内规则-2026v1,已确认,sig_a（信息科主管）、sig_b（医务科）,2026-09-20
W11,数据质量,编码合法性校验：诊断/手术操作编码不在医保版字典内时提示（仅提示合法性，不自动替换）,源表(diagnosis).列(icd) 或 源表(operation).列(code) 不在对照字典中,源表(icd_dict) + 本地对照表,住院号 X 的编码 Y 未在字典中命中，请编码员核对,CHS-DRG 2.0 / 医保版 ICD-10 与 ICD-9-CM 3.0 目录,按医保版编码目录填报,某地区医保局〔2025〕27号-2025版,已确认,sig_a（信息科主管）、sig_b（医务科）,2026-09-20
W12,数据质量,在院操作数据源提示：在院期间以医嘱（已执行）推导中医操作类；若医嘱缺失则标注『操作数据不足』，不推测,医嘱表中该住院号无可映射为中医操作类的已执行项目,源表(advice_long)/Temporary + cost_item_attribute,本例暂无已执行中医操作记录，入组判定仅基于主诊断与住院天数（操作数据不足）,—（数据可用性说明，非政策条款）,—,院内规则-2026v1,已确认,sig_a（信息科主管）、sig_b（医务科）,2026-09-20
W13,质控-编码,操作漏编提示（**反事实判据**）：按费用明细的操作类补全后可达某中医优势病组、而现有编码不足以入组时才提示（仅提示核对，不自动写码）,费用三表经 cost_item_attribute.op_class 映射得到的操作类满足某中医优势病组入组条件，而病案首页手术编码不具备该类覆盖,费用三表 + cost_item_attribute + 某地区医保局〔2025〕27号 附件2,费用显示已执行中医操作类 X；补全操作编码后可按【组码】入组，当前编码不足以入组，请编码员核对是否漏录,某地区医保局〔2025〕27号 附件2《中医优势病组主要诊断及中医主要手术或操作表》；《医疗保障基金使用监督管理条例》,按真实、准确、完整原则填报病案首页与结算清单,某地区医保局〔2025〕27号-2025版,已确认,sig_a（信息科主管）、sig_b（医务科）,2026-09-20
W14,质控-编码,疑似漏编 CC/MCC 线索提示（用药维度）：存在特征药品但出院诊断无对应条目时提示（**用药仅为线索，非编码依据**，须临床确认）,药品明细命中特征药词典（降糖/降压/抗骨质疏松等），且出院诊断无对应编码前缀,源表(fee_medicine_in) + 特征药词典,用药「X」提示可能存在的诊断：Y（候选编码前缀 Z），出院诊断中未记录；请临床确认后再行编码,CHS-DRG 2.0 分组方案（国家医保局）；《医疗保障基金使用监督管理条例》,按真实、准确、完整原则填报,某地区医保局〔2025〕27号-2025版,已确认,sig_a（信息科主管）、sig_b（医务科）,2026-09-20
W15,质控-编码,码-性别矛盾校验：性别专属编码与患者性别不符时提示（确定性错误，仅提示不自动改）,诊断编码属 ICD-10 性别专属章节（O 章、N80-N98、N40-N51、C50、C53-C58、C60-C63）且与身份证号判定性别不符,源表(diagnosis) + 源表(admission).列(ic_no)（第 17 位）,诊断「X」（女性/男性生殖器官等）与患者性别不符，请编码员核对,CHS-DRG 2.0 / 医保版 ICD-10 目录,按医保版编码目录如实填报,某地区医保局〔2025〕27号-2025版,已确认,sig_a（信息科主管）、sig_b（医务科）,2026-09-20
W16,质控-编码,主诊断与主要操作不匹配（QY 预警）：主诊断 MDC 与主操作所属 ADRG 的 MDC 不相交时提示,主诊断命中 MDC 集合与主操作命中的 ADRG 所属 MDC 集合无交集,drg_engine（主诊表 + ADRG 手术条件表）,主诊断 MDC X 与主操作所属 MDC Y 不一致，存在 QY（未入组）风险，请核对主诊断/主操作选择,CHS-DRG 2.0 分组方案（国家医保局）,主要诊断与主要手术操作应与本次住院主要疾病相符,某地区医保局〔2025〕27号-2025版,已确认,sig_a（信息科主管）、sig_b（医务科）,2026-09-20
W17,输出-分组陈述,在院模拟器①行：陈述当前预分组与支付标准，并强制附免责声明（只陈述结果，不评价该组好坏、不与盈亏挂钩评价）,在院病例每次推演均输出,drg_engine（主诊断 + 已执行操作 + 住院天数）+ 官方 839 组目录,命中中医优势病组 XX（组名）权重 X 支付标准 X 元／标准 CHS-DRG XX（ADRG 名）权重 X 支付标准 X 元／暂未产出组码：原因；末附『基于当前已录入信息推演，分组结果以医保平台为准』,某地区医保局〔2025〕26号 DRG 付费办法（结算以医保平台结果为准）,分组结果以医保平台为准,某地区医保局〔2025〕26/27号-2025版,已确认,sig_a（信息科主管）、sig_b（医务科）,2026-09-20
W18,输出-费用预判,在院模拟器③行：仅陈述『已发生费用与支付标准之差』这一事实，禁止任何控费导向措辞（不得建议减少诊疗／提前出院／推诿患者，反向风险见 B09）,已产出支付标准且当前费用非空,费用三表 + 引擎支付标准 + 中治率（zzl_ratio）,预计盈利 X 元／已超支付标准 X 元；中治率 X%,内部管理用途；《医疗保障基金使用监督管理条例》第十五条（如实记录）；反向诱导风险见黑名单 B09,（具体条款需医务科确认；原则：不得为控费减少必要诊疗）,院内规则-2026v1,已确认,sig_a（信息科主管）、sig_b（医务科）,2026-09-20
