adrg,drg,drg_name
AA1,AA19,心肺移植
AA2,AA29,心脏移植
AB1,AB19,肝移植
AC1,AC19,胰/肾联合移植
AD1,AD19,胰腺移植
AE1,AE19,肾移植
AF1,AF19,肺移植
AG1,AG19,非同胞全相合异基因造血干细胞移植
AG2,AG29,同胞全相合异基因造血干细胞移植
AG3,AG39,自体骨髓／造血干细胞移植
AH1,AH19,ECMO或全人工心脏植入术
AH2,AH29,有创呼吸机支持≥96小时
BB1,BB11,神经系统复合手术，伴严重合并症或并发症
BB1,BB15,神经系统复合手术，不伴严重合并症或并发症
BB2,BB21,伴出血诊断的颅脑手术，伴严重合并症或并发症
BB2,BB23,伴出血诊断的颅脑手术，伴一般合并症或并发症
BB2,BB25,伴出血诊断的颅脑手术，不伴合并症或并发症
BB3,BB31,伴肿瘤诊断的颅脑手术，伴严重合并症或并发症
BB3,BB35,伴肿瘤诊断的颅脑手术，不伴严重合并症或并发症
BB4,BB41,伴创伤诊断的颅脑手术，伴严重合并症或并发症
BB4,BB43,伴创伤诊断的颅脑手术，伴一般合并症或并发症
BB4,BB45,伴创伤诊断的颅脑手术，不伴合并症或并发症
BB5,BB51,其他颅脑相关手术，伴严重合并症或并发症
BB5,BB55,其他颅脑相关手术，不伴严重合并症或并发症
BC1,BC19,脑室分流及翻修手术
BD1,BD19,脊柱脊髓手术
BD2,BD29,立体定向与功能性神经外科手术
BE1,BE19,颈及脑血管手术
BE2,BE21,神经介入治疗，伴严重合并症或并发症
BE2,BE25,神经介入治疗，不伴严重合并症或并发症
BJ1,BJ11,神经系统其他手术，伴严重合并症或并发症
BJ1,BJ13,神经系统其他手术，伴一般合并症或并发症
BJ1,BJ15,神经系统其他手术，不伴合并症或并发症
BL1,BL11,神经系统血管病溶栓治疗，伴严重合并症或并发症
BL1,BL15,神经系统血管病溶栓治疗，不伴严重合并症或并发症
BM1,BM11,神经介入检查术，伴严重合并症或并发症
BM1,BM15,神经介入检查术，不伴严重合并症或并发症
BR1,BR11,脑卒中，伴严重合并症或并发症
BR1,BR13,脑卒中，伴一般合并症或并发症
BR1,BR15,脑卒中，不伴合并症或并发症
BR2,BR21,其他脑缺血性疾病，伴严重合并症或并发症
BR2,BR23,其他脑缺血性疾病，伴一般合并症或并发症
BR2,BR25,其他脑缺血性疾病，不伴合并症或并发症
BS1,BS11,非创伤性意识障碍，伴严重合并症或并发症
BS1,BS13,非创伤性意识障碍，伴一般合并症或并发症
BS1,BS15,非创伤性意识障碍，不伴合并症或并发症
BT1,BT13,病毒性脑、脊髓和脑膜炎，伴合并症或并发症
BT1,BT15,病毒性脑、脊髓和脑膜炎，不伴合并症或并发症
BT2,BT21,细菌性脑、脊髓和脑膜炎，伴严重合并症或并发症
BT2,BT23,细菌性脑、脊髓和脑膜炎，伴一般合并症或并发症
BT2,BT25,细菌性脑、脊髓和脑膜炎，不伴合并症或并发症
BT3,BT31,神经系统的其他感染，伴严重合并症或并发症
BT3,BT33,神经系统的其他感染，伴一般合并症或并发症
BT3,BT35,神经系统的其他感染，不伴合并症或并发症
BU1,BU11,神经系统肿瘤，伴严重合并症或并发症
BU1,BU15,神经系统肿瘤，不伴严重合并症或并发症
BU2,BU21,神经系统变性疾病，伴严重合并症或并发症
BU2,BU25,神经系统变性疾病，不伴严重合并症或并发症
BU3,BU31,中枢神经系统脱髓鞘病，伴严重合并症或并发症
BU3,BU35,中枢神经系统脱髓鞘病，不伴严重合并症或并发症
BV1,BV11,癫痫，伴严重合并症或并发症
BV1,BV13,癫痫，伴一般合并症或并发症
BV1,BV15,癫痫，不伴合并症或并发症
BV2,BV21,神经肌肉接头及肌肉病，伴严重合并症或并发症
BV2,BV25,神经肌肉接头及肌肉病，不伴严重合并症或并发症
BV3,BV39,头痛
BW1,BW13,神经系统先天性疾病，伴合并症或并发症
BW1,BW15,神经系统先天性疾病，不伴合并症或并发症
BW2,BW21,脑性瘫痪，伴严重合并症或并发症
BW2,BW23,脑性瘫痪，伴一般合并症或并发症
BW2,BW25,脑性瘫痪，不伴合并症或并发症
BX1,BX11,认知功能障碍，伴严重合并症或并发症
BX1,BX15,认知功能障碍，不伴严重合并症或并发症
BX2,BX23,脑神经/周围神经疾病，伴合并症或并发症
BX2,BX25,脑神经/周围神经疾病，不伴合并症或并发症
BY1,BY11,颅脑损伤，伴严重合并症或并发症
BY1,BY15,颅脑损伤，不伴严重合并症或并发症
BY2,BY21,脊髓伤病及功能障碍，伴严重合并症或并发症
BY2,BY23,脊髓伤病及功能障碍，伴一般合并症或并发症
BY2,BY25,脊髓伤病及功能障碍，不伴合并症或并发症
BZ1,BZ11,神经系统其他疾病，伴严重合并症或并发症
BZ1,BZ13,神经系统其他疾病，伴一般合并症或并发症
BZ1,BZ15,神经系统其他疾病，不伴合并症或并发症
CB1,CB19,角膜移植手术
CB2,CB29,玻璃体、视网膜、脉络膜联合晶状体手术
CB3,CB39,晶状体联合视网膜及晶状体以外的内眼手术
CB4,CB43,玻璃体、视网膜、脉络膜手术，伴合并症或并发症
CB4,CB45,玻璃体、视网膜、脉络膜手术，不伴合并症或并发症
CB5,CB59,晶状体手术
CB6,CB69,视网膜及晶状体以外的内眼手术
CB7,CB79,角膜、巩膜、结膜手术
CD1,CD19,眼眶手术
CD2,CD29,眼肌手术
CD3,CD39,除眼眶外的外眼手术
CJ1,CJ19,其他眼部手术
CR1,CR19,眼部恶性肿瘤及交界性肿瘤
CS1,CS13,眼外肌、眼的神经及血管疾病，伴合并症或并发症
CS1,CS15,眼外肌、眼的神经及血管疾病，不伴合并症或并发症
CT1,CT19,前房出血及眼创伤的非手术治疗
CU1,CU19,急性重大眼感染
CV1,CV19,各种类型青光眼
CW1,CW19,各种类型白内障
CX1,CX13,其他疾病引起眼部病变，伴合并症或并发症
CX1,CX15,其他疾病引起眼部病变，不伴合并症或并发症
CZ1,CZ19,其他眼部疾病
DB1,DB19,鼻颅底或鼻眼复杂手术
DB2,DB29,鼻颅底或鼻眼一般手术
DC1,DC19,口腔颌面头颈缺损游离组织瓣修复术
DC2,DC23,口腔颌面头颈缺损其他组织瓣修复术，伴合并症或并发症
DC2,DC25,口腔颌面头颈缺损其他组织瓣修复术，不伴合并症或并发症
DC3,DC39,口腔颌面头颈恶性肿瘤根治术
DC4,DC43,口腔颌面头颈肿瘤切除术，伴合并症或并发症
DC4,DC45,口腔颌面头颈肿瘤切除术，不伴合并症或并发症
DD1,DD19,人工听觉装置植入
DD2,DD29,唇、腭裂修补术
DE1,DE19,中耳/内耳/侧颅底手术
DE2,DE23,耳部其他小手术，伴合并症或并发症
DE2,DE25,耳部其他小手术，不伴合并症或并发症
DF1,DF19,鼻成形术
DF2,DF29,鼻腔、鼻窦手术
DG1,DG19,咽、喉、气管手术
DG2,DG29,扁桃体和/或腺样体切除手术
DH1,DH19,颅面骨正颌手术
DH2,DH29,颅面骨创伤手术
DH3,DH39,颞下颌关节手术
DH4,DH49,颅面骨其他手术
DJ1,DJ19,头、颈、耳、鼻、咽、口其他手术
DK1,DK19,其他头、颈、耳、鼻、咽、口治疗操作
DR1,DR19,头、颈、耳、鼻、咽、口恶性肿瘤
DS1,DS19,平衡失调及听觉障碍
DT1,DT19,中耳炎及上呼吸道感染
DT2,DT29,会厌炎、喉炎及气管炎
DU1,DU19,头、颈、外耳、口鼻的创伤及变形
DV1,DV19,头、颈、耳、鼻、咽、口非恶性增生性疾病
DW1,DW19,口腔、牙齿有关疾病
DZ1,DZ13,其他头、颈、耳、鼻、咽、口疾病，伴合并症或并发症
DZ1,DZ15,其他头、颈、耳、鼻、咽、口疾病，不伴合并症或并发症
EB1,EB19,肺大手术
EB2,EB29,肺其他手术
EC1,EC19,纵隔、气管、胸壁大手术
EC2,EC29,纵隔、气管、胸壁其他手术
ED1,ED11,除肺、纵隔、气管、胸壁外的其他手术，伴严重合并症或并发症
ED1,ED13,除肺、纵隔、气管、胸壁外的其他手术，伴一般合并症或并发症
ED1,ED15,除肺、纵隔、气管、胸壁外的其他手术，不伴合并症或并发症
EJ1,EJ11,呼吸系统其他手术，伴严重合并症或并发症
EJ1,EJ13,呼吸系统其他手术，伴一般合并症或并发症
EJ1,EJ15,呼吸系统其他手术，不伴合并症或并发症
EK1,EK19,有创呼吸机治疗小于96小时
EK2,EK23,伴肺水肿或呼吸衰竭的无创呼吸支持技术，伴合并症或并发症
EK2,EK25,伴肺水肿或呼吸衰竭的无创呼吸支持技术，不伴合并症或并发症
ER1,ER11,呼吸系统肿瘤，伴严重合并症或并发症
ER1,ER15,呼吸系统肿瘤，不伴严重合并症或并发症
ER2,ER23,肺水肿或呼吸衰竭，伴合并症或并发症
ER2,ER25,肺水肿或呼吸衰竭，不伴合并症或并发症
ES1,ES11,肺真菌病，伴严重合并症或并发症
ES1,ES13,肺真菌病，伴一般合并症或并发症
ES1,ES15,肺真菌病，不伴合并症或并发症
ES2,ES29,呼吸系统结核
ES3,ES31,呼吸系统感染/炎症，伴严重合并症或并发症
ES3,ES33,呼吸系统感染/炎症，伴一般合并症或并发症
ES3,ES35,呼吸系统感染/炎症，不伴合并症或并发症
ET1,ET11,肺间质性疾病，伴严重合并症或并发症
ET1,ET13,肺间质性疾病，伴一般合并症或并发症
ET1,ET15,肺间质性疾病，不伴合并症或并发症
ET2,ET23,慢性气道阻塞病，伴合并症或并发症
ET2,ET25,慢性气道阻塞病，不伴合并症或并发症
EU1,EU19,重大胸部创伤
EV1,EV19,呼吸系统症状、体征
EW1,EW11,胸膜病变及胸腔积液，伴严重合并症或并发症
EW1,EW13,胸膜病变及胸腔积液，伴一般合并症或并发症
EW1,EW15,胸膜病变及胸腔积液，不伴合并症或并发症
EX1,EX13,哮喘及喘息性支气管炎，伴合并症或并发症
EX1,EX15,哮喘及喘息性支气管炎，不伴合并症或并发症
EX2,EX29,百日咳及急性支气管炎
EZ1,EZ11,其他呼吸系统疾病，伴严重合并症或并发症
EZ1,EZ13,其他呼吸系统疾病，伴一般合并症或并发症
EZ1,EZ15,其他呼吸系统疾病，不伴合并症或并发症
FB1,FB19,瓣膜手术伴冠脉手术
FB2,FB29,心脏瓣膜手术
FC1,FC19,冠状动脉手术
FD1,FD19,先天性心脏病复杂手术
FD2,FD23,先天性心脏病常规手术，伴合并症或并发症
FD2,FD25,先天性心脏病常规手术，不伴合并症或并发症
FE1,FE19,大血管复杂手术
FE2,FE29,大血管常规手术
FF1,FF19,外周血管手术伴介入操作
FF2,FF23,外周血管（除大隐静脉外）其他的手术，伴合并症或并发症
FF2,FF25,外周血管（除大隐静脉外）其他的手术，不伴合并症或并发症
FF3,FF39,大隐静脉和小隐静脉手术
FJ1,FJ19,心血管系统其他手术
FK1,FK19,心脏循环辅助系统植入
FK2,FK29,伴急性心肌梗死/心衰/休克的心脏除颤器及心室同步
FK3,FK39,不伴急性心肌梗死/心衰/休克的心脏除颤器及心室同步
FK4,FK49,永久性起搏器植入/置换/更新
FL1,FL19,经皮瓣膜植入或修复术
FL2,FL29,经皮心脏消融术伴房颤和/或房扑
FL3,FL39,经皮心脏消融术除房扑、房颤外其他心律失常
FL4,FL49,先天性心脏病介入治疗
FM1,FM19,经皮大血管复杂手术
FM2,FM29,经皮大血管常规手术
FM3,FM39,经皮冠状动脉支架植入
FM4,FM49,其他经皮心血管治疗
FM5,FM59,经皮心导管检查操作
FN1,FN19,下肢动脉经皮血管内治疗
FN2,FN23,其他外周血管检查和/或治疗，伴合并症或并发症
FN2,FN25,其他外周血管检查和/或治疗，不伴合并症或并发症
FP1,FP13,心力衰竭、休克伴操作性治疗，伴合并症或并发症
FP1,FP15,心力衰竭、休克伴操作性治疗，不伴合并症或并发症
FR1,FR11,急性心肌梗死，伴严重合并症或并发症
FR1,FR15,急性心肌梗死，不伴严重合并症或并发症
FR2,FR21,心力衰竭、休克，伴严重合并症或并发症
FR2,FR25,心力衰竭、休克，不伴严重合并症或并发症
FR3,FR33,肺栓塞，伴合并症或并发症
FR3,FR35,肺栓塞，不伴合并症或并发症
FR4,FR49,心绞痛
FR5,FR59,冠状动脉粥样硬化/血栓/闭塞
FT1,FT19,心肌病
FT2,FT29,感染性心内膜炎
FT3,FT39,瓣膜疾病
FT4,FT41,心包疾病，伴严重合并症或并发症
FT4,FT43,心包疾病，伴一般合并症或并发症
FT4,FT45,心包疾病，不伴合并症或并发症
FU1,FU11,严重心律失常及心脏停搏，伴严重合并症或并发症
FU1,FU15,严重心律失常及心脏停搏，不伴严重合并症或并发症
FU2,FU29,心律失常及传导障碍
FV1,FV19,先天性心脏病
FV2,FV23,高血压，伴合并症或并发症
FV2,FV25,高血压，不伴合并症或并发症
FV3,FV33,晕厥及/或虚脱，伴合并症或并发症
FV3,FV35,晕厥及/或虚脱，不伴合并症或并发症
FW1,FW13,动脉疾病，伴合并症或并发症
FW1,FW15,动脉疾病，不伴合并症或并发症
FW2,FW29,静脉疾病
FZ1,FZ19,其他循环系统疾病
GB1,GB11,食管大手术，伴严重合并症或并发症
GB1,GB15,食管大手术，不伴严重合并症或并发症
GB2,GB29,胃、十二指肠大手术
GB3,GB39,小肠、大肠（含直肠）的大手术
GC1,GC19,食管其他手术
GC2,GC21,胃、十二指肠其他手术，伴严重合并症或并发症
GC2,GC23,胃、十二指肠其他手术，伴一般合并症或并发症
GC2,GC25,胃、十二指肠其他手术，不伴合并症或并发症
GC3,GC31,小肠、大肠（含直肠）的其他手术，伴严重合并症或并发症
GC3,GC33,小肠、大肠（含直肠）的其他手术，伴一般合并症或并发症
GC3,GC35,小肠、大肠（含直肠）的其他手术，不伴合并症或并发症
GD1,GD19,腹膜后肿瘤手术
GE1,GE19,伴穿孔、化脓、坏疽等阑尾切除术
GE2,GE29,阑尾切除术
GF1,GF19,特殊类型疝手术
GF2,GF23,腹壁疝及脐疝手术，伴合并症或并发症
GF2,GF25,腹壁疝及脐疝手术，不伴合并症或并发症
GF3,GF39,腹股沟疝及股疝手术
GG1,GG19,肛管、肛门及肛周手术
GG2,GG29,直肠其他手术
GH1,GH11,腹腔/盆腔内粘连松解术，伴严重合并症或并发症
GH1,GH13,腹腔/盆腔内粘连松解术，伴一般合并症或并发症
GH1,GH15,腹腔/盆腔内粘连松解术，不伴合并症或并发症
GJ1,GJ11,消化系统其他手术，伴严重合并症或并发症
GJ1,GJ13,消化系统其他手术，伴一般合并症或并发症
GJ1,GJ15,消化系统其他手术，不伴合并症或并发症
GK1,GK19,消化系统其他内镜治疗操作
GK2,GK23,胃镜治疗操作，伴合并症或并发症
GK2,GK25,胃镜治疗操作，不伴合并症或并发症
GK3,GK33,结肠镜治疗操作，伴合并症或并发症
GK3,GK35,结肠镜治疗操作，不伴合并症或并发症
GR1,GR11,消化系统恶性肿瘤，伴严重合并症或并发症
GR1,GR15,消化系统恶性肿瘤，不伴严重合并症或并发症
GS1,GS11,胃肠出血，伴严重合并症或并发症
GS1,GS13,胃肠出血，伴一般合并症或并发症
GS1,GS15,胃肠出血，不伴合并症或并发症
GT1,GT13,炎症性肠病，伴合并症或并发症
GT1,GT15,炎症性肠病，不伴合并症或并发症
GU1,GU19,消化道溃疡伴穿孔
GU2,GU23,其他消化道溃疡，伴合并症或并发症
GU2,GU25,其他消化道溃疡，不伴合并症或并发症
GV1,GV13,消化道梗阻或腹痛，伴合并症或并发症
GV1,GV15,消化道梗阻或腹痛，不伴合并症或并发症
GW1,GW13,食管炎、胃肠炎，伴合并症或并发症
GW1,GW15,食管炎、胃肠炎，不伴合并症或并发症
GZ1,GZ19,其他消化系统疾病
HB1,HB11,胰、肝切除和/或分流手术，伴严重合并症或并发症
HB1,HB15,胰、肝切除和/或分流手术，不伴严重合并症或并发症
HC1,HC11,胆总管手术，伴严重合并症或并发症
HC1,HC15,胆总管手术，不伴严重合并症或并发症
HC2,HC23,胆囊切除手术，伴合并症或并发症
HC2,HC25,胆囊切除手术，不伴合并症或并发症
HC3,HC31,除胆囊切除术以外的胆道手术，伴严重合并症或并发症
HC3,HC33,除胆囊切除术以外的胆道手术，伴一般合并症或并发症
HC3,HC35,除胆囊切除术以外的胆道手术，不伴合并症或并发症
HJ1,HJ11,与肝、胆或胰腺疾病有关的其他手术，伴严重合并症或并发症
HJ1,HJ13,与肝、胆或胰腺疾病有关的其他手术，伴一般合并症或并发症
HJ1,HJ15,与肝、胆或胰腺疾病有关的其他手术，不伴合并症或并发症
HK1,HK19,食管曲张静脉出血的治疗性内镜操作
HL1,HL19,肝胆胰系统的治疗性操作
HL2,HL29,肝胆胰系统的诊断性操作
HR1,HR19,肝胆胰系统恶性肿瘤
HS1,HS19,肝功能衰竭
HS2,HS21,肝硬化，伴严重合并症或并发症
HS2,HS25,肝硬化，不伴严重合并症或并发症
HS3,HS39,病毒性肝炎
HT1,HT11,重症胰腺炎，伴严重合并症或并发症
HT1,HT13,重症胰腺炎，伴一般合并症或并发症
HT1,HT15,重症胰腺炎，不伴合并症或并发症
HT2,HT21,急性胰腺炎，伴严重合并症或并发症
HT2,HT23,急性胰腺炎，伴一般合并症或并发症
HT2,HT25,急性胰腺炎，不伴合并症或并发症
HU1,HU11,急性胆道疾病，伴严重合并症或并发症
HU1,HU15,急性胆道疾病，不伴严重合并症或并发症
HZ1,HZ11,其他肝脏疾病，伴严重合并症或并发症
HZ1,HZ13,其他肝脏疾病，伴一般合并症或并发症
HZ1,HZ15,其他肝脏疾病，不伴合并症或并发症
HZ2,HZ29,胆道其他疾病
HZ3,HZ31,胰腺其他疾病，伴严重合并症或并发症
HZ3,HZ35,胰腺其他疾病，不伴严重合并症或并发症
IB1,IB19,复杂脊柱疾病或3节段及以上脊柱融合手术或翻修手术
IB2,IB29,脊柱2节段及以下脊柱融合术
IB3,IB31,与脊柱有关的其他手术，伴严重合并症或并发症
IB3,IB35,与脊柱有关的其他手术，不伴严重合并症或并发症
IC1,IC19,髋、肩、膝、肘和踝关节假体翻修/修正手术
IC2,IC29,髋、肩、膝、肘和踝关节置换术
IC3,IC39,除置换/翻修外的髋、肩、膝、肘、踝和足部关节的修复、重建手术
IC4,IC49,除置换/翻修外的髋、肩、膝、肘、踝和足部关节其他手术
ID1,ID19,脊柱、骨盆的骨与软组织肿瘤手术
ID2,ID23,除脊柱、骨盆以外的骨与软组织肿瘤手术，伴合并症或并发症
ID2,ID25,除脊柱、骨盆以外的骨与软组织肿瘤手术，不伴合并症或并发症
IE1,IE13,骨盆髋臼手术，伴合并症或并发症
IE1,IE15,骨盆髋臼手术，不伴合并症或并发症
IE2,IE21,股骨手术，伴严重合并症或并发症
IE2,IE25,股骨手术，不伴严重合并症或并发症
IE3,IE39,除股骨以外的下肢骨手术
IE4,IE43,小关节手术，伴合并症或并发症
IE4,IE45,小关节手术，不伴合并症或并发症
IE5,IE59,上肢骨手术
IE6,IE69,手外科手术
IF1,IF19,骨科固定装置去除/修正术
IG1,IG19,周围神经手术
IH1,IH13,肌肉、肌腱手术，伴合并症或并发症
IH1,IH15,肌肉、肌腱手术，不伴合并症或并发症
IJ1,IJ13,骨骼肌肉系统的其他手术，伴合并症或并发症
IJ1,IJ15,骨骼肌肉系统的其他手术，不伴合并症或并发症
IR1,IR19,骨盆骨折
IR2,IR29,股骨骨折
IS1,IS19,前臂、腕、手或足损伤
IS2,IS29,除前臂、腕、手足外的损伤
IT1,IT19,骨髓炎
IT2,IT21,慢性炎症性肌肉骨骼结缔组织疾病，伴严重合并症或并发症
IT2,IT23,慢性炎症性肌肉骨骼结缔组织疾病，伴一般合并症或并发症
IT2,IT25,慢性炎症性肌肉骨骼结缔组织疾病，不伴合并症或并发症
IT3,IT33,感染性关节炎，伴合并症或并发症
IT3,IT35,感染性关节炎，不伴合并症或并发症
IU1,IU13,骨病及其他关节病，伴合并症或并发症
IU1,IU15,骨病及其他关节病，不伴合并症或并发症
IU2,IU29,颈腰背疾病
IU3,IU39,骨骼、肌肉、结缔组织恶性病损、病理性骨折
IV1,IV19,除脊柱外先天性骨骼肌肉系统疾病
IZ1,IZ13,肌肉骨骼系统植入物/假体的康复照护，伴合并症或并发症
IZ1,IZ15,肌肉骨骼系统植入物/假体的康复照护，不伴合并症或并发症
IZ2,IZ23,骨骼、肌肉、肌腱、结缔组织的其他疾病，伴合并症或并发症
IZ2,IZ25,骨骼、肌肉、肌腱、结缔组织的其他疾病，不伴合并症或并发症
JA1,JA19,乳房恶性肿瘤根治性切除伴乳房重建术
JA2,JA29,乳房恶性肿瘤根治性切除术
JB1,JB19,乳房成形手术
JB2,JB29,乳腺切除手术
JB3,JB39,其他乳房手术
JC1,JC19,颜面及其他皮肤、皮下组织成形术
JD1,JD13,皮肤移植手术，伴合并症或并发症
JD1,JD15,皮肤移植手术，不伴合并症或并发症
JD2,JD21,皮肤清创手术，伴严重合并症或并发症
JD2,JD23,皮肤清创手术，伴一般合并症或并发症
JD2,JD25,皮肤清创手术，不伴合并症或并发症
JJ1,JJ19,皮肤、皮下组织的其他手术
JR1,JR19,乳房恶性肿瘤
JR2,JR23,皮肤、皮下组织的恶性肿瘤，伴合并症或并发症
JR2,JR25,皮肤、皮下组织的恶性肿瘤，不伴合并症或并发症
JS1,JS13,重大皮肤疾病，伴合并症或并发症
JS1,JS15,重大皮肤疾病，不伴合并症或并发症
JS2,JS29,炎症性皮肤病
JT1,JT19,乳房、皮肤、皮下组织创伤
JU1,JU13,感染性皮肤病，伴合并症或并发症
JU1,JU15,感染性皮肤病，不伴合并症或并发症
JV1,JV19,皮肤、皮下组织的非恶性增生性病变
JV2,JV29,乳房良性病变
JZ1,JZ13,其他皮肤及乳腺疾病，伴合并症或并发症
JZ1,JZ15,其他皮肤及乳腺疾病，不伴合并症或并发症
KB1,KB19,肾上腺手术
KC1,KC11,垂体手术，伴严重合并症或并发症
KC1,KC15,垂体手术，不伴严重合并症或并发症
KD1,KD19,甲状腺、甲状旁腺大手术
KD2,KD29,甲状旁腺、甲状舌管及甲状腺其他手术
KE1,KE19,减重手术
KJ1,KJ13,因内分泌、营养、代谢疾病的其他手术，伴合并症或并发症
KJ1,KJ15,因内分泌、营养、代谢疾病的其他手术，不伴合并症或并发症
KR1,KR19,内分泌腺体肿瘤
KS1,KS13,糖尿病，伴合并症或并发症
KS1,KS15,糖尿病，不伴合并症或并发症
KT1,KT13,内分泌、营养、代谢疾病，伴合并症或并发症
KT1,KT15,内分泌、营养、代谢疾病，不伴合并症或并发症
KU1,KU11,营养失调，伴严重合并症或并发症
KU1,KU13,营养失调，伴一般合并症或并发症
KU1,KU15,营养失调，不伴合并症或并发症
KV1,KV19,先天性代谢异常
KZ1,KZ13,其他代谢疾病，伴合并症或并发症
KZ1,KZ15,其他代谢疾病，不伴合并症或并发症
LA1,LA19,肾脏肿瘤手术
LA2,LA23,膀胱肿瘤手术，伴合并症或并发症
LA2,LA25,膀胱肿瘤手术，不伴合并症或并发症
LB1,LB19,肾脏结石手术
LB2,LB29,肾脏其他手术
LC1,LC19,输尿管手术
LD1,LD19,膀胱其他手术
LE1,LE19,尿道手术
LF1,LF11,肾透析相关手术，伴严重合并症或并发症
LF1,LF15,肾透析相关手术，不伴严重合并症或并发症
LJ1,LJ13,泌尿系统其他手术，伴合并症或并发症
LJ1,LJ15,泌尿系统其他手术，不伴合并症或并发症
LL1,LL11,肾透析，伴严重合并症或并发症
LL1,LL13,肾透析，伴一般合并症或并发症
LL1,LL15,肾透析，不伴合并症或并发症
LR1,LR13,肾功能不全，伴合并症或并发症
LR1,LR15,肾功能不全，不伴合并症或并发症
LS1,LS11,肾炎及肾病，伴严重合并症或并发症
LS1,LS15,肾炎及肾病，不伴严重合并症或并发症
LT1,LT19,肾及尿路肿瘤
LU1,LU11,肾及尿路感染，伴严重合并症或并发症
LU1,LU13,肾及尿路感染，伴一般合并症或并发症
LU1,LU15,肾及尿路感染，不伴合并症或并发症
LV1,LV19,代谢性肾病
LW1,LW19,肾、尿路体征及症状
LX1,LX19,尿路结石、 阻塞及尿道狭窄
LZ1,LZ13,肾及泌尿系统其他疾病，伴合并症或并发症
LZ1,LZ15,肾及泌尿系统其他疾病，不伴合并症或并发症
MA1,MA19,男性生殖器官恶性肿瘤手术
MB1,MB19,前列腺手术
MC1,MC19,阴茎手术
MD1,MD19,睾丸手术
MJ1,MJ19,其他男性生殖系统手术
MR1,MR13,男性生殖系统恶性肿瘤，伴合并症或并发症
MR1,MR15,男性生殖系统恶性肿瘤，不伴合并症或并发症
MS1,MS13,男性生殖系统炎症，伴合并症或并发症
MS1,MS15,男性生殖系统炎症，不伴合并症或并发症
MZ1,MZ19,其他男性生殖系统疾病
NA1,NA19,女性生殖器官恶性肿瘤的广泛切除手术
NA2,NA29,女性生殖器官恶性肿瘤除广泛切除术以外的手术
NB1,NB19,女性生殖系统重建手术
NC1,NC19,子宫（除子宫腔内病变以外）手术
ND1,ND19,附件手术
NE1,NE19,子宫腔内病变手术
NF1,NF19,外阴、 阴道、 宫颈手术
NG1,NG19,辅助生殖技术
NJ1,NJ13,女性生殖系统其他手术，伴合并症或并发症
NJ1,NJ15,女性生殖系统其他手术，不伴合并症或并发症
NR1,NR13,女性生殖系统恶性肿瘤，伴合并症或并发症
NR1,NR15,女性生殖系统恶性肿瘤，不伴合并症或并发症
NS1,NS19,女性生殖系统感染
NZ1,NZ19,女性生殖系统其他疾病
OB1,OB19,剖宫产术
OC1,OC11,阴道助产手术，伴严重合并症或并发症
OC1,OC15,阴道助产手术，不伴严重合并症或并发症
OC2,OC29,阴道分娩伴手术操作
OD1,OD19,与妊娠相关的子宫及附件手术
OD2,OD29,与妊娠相关的的外阴、阴道及宫颈手术
OE1,OE19,异位妊娠手术
OF1,OF19,中期引产手术操作
OF2,OF29,早期流产手术操作
OJ1,OJ19,与妊娠、分娩相关的其他手术操作
OR1,OR19,阴道分娩
OS1,OS19,产褥期相关疾病
OS2,OS29,流产相关疾病
OT1,OT19,异位妊娠
OZ1,OZ19,妊娠期相关疾病
PB1,PB19,新生儿（出生年龄＜29天）心血管手术
PC1,PC19,新生儿（出生年龄＜29天）除心血管外复杂手术
PD1,PD13,新生儿（出生年龄＜29天）腹部手术，伴合并症或并发症
PD1,PD15,新生儿（出生年龄＜29天）腹部手术，不伴合并症或并发症
PJ1,PJ19,新生儿（出生年龄＜29天）其他手术
PK1,PK11,新生儿伴呼吸机支持，伴严重合并症或并发症
PK1,PK15,新生儿伴呼吸机支持，不伴严重合并症或并发症
PR1,PR11,新生儿呼吸窘迫综合征，伴严重合并症或并发症
PR1,PR15,新生儿呼吸窘迫综合征，不伴严重合并症或并发症
PS1,PS11,极度发育不全（出生体重＜1500g），伴严重合并症或并发症
PS1,PS15,极度发育不全（出生体重＜1500g），不伴严重合并症或并发症
PS2,PS29,早产儿（出生体重1500-1999g）
PS3,PS39,早产儿（出生体重2000-2499g）
PS4,PS43,早产儿（出生体重>2499g），伴合并症或并发症
PS4,PS45,早产儿（出生体重>2499g），不伴合并症或并发症
PU1,PU19,足月儿相关疾病
PV1,PV19,源于新生儿(29天≤出生年龄＜1周岁)诊断的婴儿疾病
QB1,QB19,脾切除术
QJ1,QJ13,非特指部位、组织、器官的良性肿瘤手术，伴合并症或并发症
QJ1,QJ15,非特指部位、组织、器官的良性肿瘤手术，不伴合并症或并发症
QR1,QR19,移植物抗宿主病
QR2,QR21,网状内皮及免疫性疾病，伴严重合并症或并发症
QR2,QR23,网状内皮及免疫性疾病，伴一般合并症或并发症
QR2,QR25,网状内皮及免疫性疾病，不伴合并症或并发症
QS1,QS13,红细胞病及营养性贫血，伴合并症或并发症
QS1,QS15,红细胞病及营养性贫血，不伴合并症或并发症
QS2,QS29,溶血性贫血
QS3,QS31,重型再生障碍性贫血，伴严重合并症或并发症
QS3,QS33,重型再生障碍性贫血，伴一般合并症或并发症
QS3,QS35,重型再生障碍性贫血，不伴合并症或并发症
QS4,QS41,其他再生障碍性贫血，伴严重合并症或并发症
QS4,QS43,其他再生障碍性贫血，伴一般合并症或并发症
QS4,QS45,其他再生障碍性贫血，不伴合并症或并发症
QS5,QS51,其他贫血，伴严重合并症或并发症
QS5,QS53,其他贫血，伴一般合并症或并发症
QS5,QS55,其他贫血，不伴合并症或并发症
QT1,QT11,血栓与止血，伴严重合并症或并发症
QT1,QT13,血栓与止血，伴一般合并症或并发症
QT1,QT15,血栓与止血，不伴合并症或并发症
RA1,RA11,淋巴瘤、白血病等伴重大手术，伴严重合并症或并发症
RA1,RA13,淋巴瘤、白血病等伴重大手术，伴一般合并症或并发症
RA1,RA15,淋巴瘤、白血病等伴重大手术，不伴合并症或并发症
RA2,RA29,淋巴瘤、白血病等伴其他手术
RA3,RA39,骨髓增生性疾病或恶性增生性疾病等伴重大手术
RA4,RA49,骨髓增生性疾病或恶性增生性疾病等伴其他手术
RK1,RK11,急性白血病化学治疗和/或其他治疗，伴严重合并症或并发症
RK1,RK13,急性白血病化学治疗和/或其他治疗，伴一般合并症或并发症
RK1,RK15,急性白血病化学治疗和/或其他治疗，不伴合并症或并发症
RK2,RK21,淋巴瘤、多发骨髓瘤化学治疗和/或其他治疗，伴严重合并症或并发症
RK2,RK25,淋巴瘤、多发骨髓瘤化学治疗和/或其他治疗，不伴严重合并症或并发症
RL1,RL11,恶性及增生性疾病放射治疗（体外照射），伴严重合并症或并发症
RL1,RL15,恶性及增生性疾病放射治疗（体外照射），不伴严重合并症或并发症
RL2,RL21,恶性及增生性疾病放射治疗（近距离照射），伴严重合并症或并发症
RL2,RL23,恶性及增生性疾病放射治疗（近距离照射），伴一般合并症或并发症
RL2,RL25,恶性及增生性疾病放射治疗（近距离照射），不伴合并症或并发症
RM1,RM11,恶性及增生性疾病的介入、消融治疗，伴严重合并症或并发症
RM1,RM15,恶性及增生性疾病的介入、消融治疗，不伴严重合并症或并发症
RN1,RN13,恶性及增生性疾病的化学治疗和/或其他治疗，伴合并症或并发症
RN1,RN15,恶性及增生性疾病的化学治疗和/或其他治疗，不伴合并症或并发症
RN2,RN21,恶性及增生性疾病的靶向、免疫治疗，伴严重合并症或并发症
RN2,RN25,恶性及增生性疾病的靶向、免疫治疗，不伴严重合并症或并发症
RP1,RP11,恶性及增生性疾病的终末期治疗，伴严重合并症或并发症
RP1,RP15,恶性及增生性疾病的终末期治疗，不伴严重合并症或并发症
RR1,RR13,急性白血病，伴合并症或并发症
RR1,RR15,急性白血病，不伴合并症或并发症
RS1,RS13,淋巴瘤及其他类型白血病，伴合并症或并发症
RS1,RS15,淋巴瘤及其他类型白血病，不伴合并症或并发症
RS2,RS21,浆细胞病，伴严重合并症或并发症
RS2,RS23,浆细胞病，伴一般合并症或并发症
RS2,RS25,浆细胞病，不伴合并症或并发症
RT1,RT11,非特指恶性肿瘤，伴严重合并症或并发症
RT1,RT13,非特指恶性肿瘤，伴一般合并症或并发症
RT1,RT15,非特指恶性肿瘤，不伴合并症或并发症
RT2,RT29,非特指良性肿瘤
RU1,RU19,恶性及增生性疾病的其他治疗
RW1,RW19,恶性及增生性疾病治疗后的随诊检查
RW2,RW21,恶性及增生性疾病维持性治疗，伴严重合并症或并发症
RW2,RW25,恶性及增生性疾病维持性治疗，不伴严重合并症或并发症
SB1,SB11,全身性感染疾病的手术，伴严重合并症或并发症
SB1,SB13,全身性感染疾病的手术，伴一般合并症或并发症
SB1,SB15,全身性感染疾病的手术，不伴合并症或并发症
SR1,SR11,败血症，伴严重合并症或并发症
SR1,SR13,败血症，伴一般合并症或并发症
SR1,SR15,败血症，不伴合并症或并发症
SS1,SS19,手术后及创伤后感染
ST1,ST13,原因不明的发热，伴合并症或并发症
ST1,ST15,原因不明的发热，不伴合并症或并发症
SU1,SU19,病毒性疾病
SV1,SV11,细菌性疾病，伴严重合并症或并发症
SV1,SV13,细菌性疾病，伴一般合并症或并发症
SV1,SV15,细菌性疾病，不伴合并症或并发症
SZ1,SZ13,其他感染性或寄生虫性疾病，伴合并症或并发症
SZ1,SZ15,其他感染性或寄生虫性疾病，不伴合并症或并发症
TB1,TB19,精神病患者的手术
TR1,TR19,精神分裂症
TR2,TR29,偏执及急性精神病
TS1,TS19,心境障碍
TS2,TS29,神经症及相关障碍
TT1,TT13,进食及睡眠障碍，伴合并症或并发症
TT1,TT15,进食及睡眠障碍，不伴合并症或并发症
TT2,TT29,人格障碍
TU1,TU19,儿童期精神发育障碍
TV1,TV19,焦虑障碍
TW1,TW11,器质性及症状性精神障碍，伴严重合并症或并发症
TW1,TW15,器质性及症状性精神障碍，不伴严重合并症或并发症
TX1,TX19,性心理及性功能障碍
TY1,TY19,强迫及相关障碍
UR1,UR19,酒精中毒及戒除
US1,US19,兴奋剂滥用与依赖
VB1,VB13,损伤的皮肤移植，伴合并症或并发症
VB1,VB15,损伤的皮肤移植，不伴合并症或并发症
VC1,VC13,与损伤有关的清创术，伴合并症或并发症
VC1,VC15,与损伤有关的清创术，不伴合并症或并发症
VJ1,VJ11,其他损伤的手术，伴严重合并症或并发症
VJ1,VJ13,其他损伤的手术，伴一般合并症或并发症
VJ1,VJ15,其他损伤的手术，不伴合并症或并发症
VR1,VR19,损伤
VS1,VS19,过敏反应
VS2,VS21,药物中毒或毒性反应，伴严重合并症或并发症
VS2,VS25,药物中毒或毒性反应，不伴严重合并症或并发症
VT1,VT13,医疗后遗症，伴合并症或并发症
VT1,VT15,医疗后遗症，不伴合并症或并发症
VZ1,VZ11,其他损伤、中毒及毒性反应疾病，伴严重合并症或并发症
VZ1,VZ15,其他损伤、中毒及毒性反应疾病，不伴严重合并症或并发症
WB1,WB19,烧伤面积≥50%，或三度面积≥20%的烧伤，伴有手术操作
WB2,WB29,烧伤面积≥30%，＜50%，或三度面积≥10%，＜20%的烧伤，伴有手术操作
WB3,WB39,烧伤面积＜30%或其他烧伤，伴有手术操作
WJ1,WJ19,烧伤相关其他手术
WR1,WR19,烧伤面积≥30%的烧伤
WR2,WR29,烧伤面积＜30%的烧伤或其他烧伤
XJ1,XJ13,其他接触健康服务的诊断伴手术操作，伴合并症或并发症
XJ1,XJ15,其他接触健康服务的诊断伴手术操作，不伴合并症或并发症
XR1,XR19,精神心理康复
XR2,XR21,神经、骨骼及肌肉康复，伴严重合并症或并发症
XR2,XR23,神经、骨骼及肌肉康复，伴一般合并症或并发症
XR2,XR25,神经、骨骼及肌肉康复，不伴合并症或并发症
XR3,XR31,功能障碍康复，伴严重合并症或并发症
XR3,XR33,功能障碍康复，伴一般合并症或并发症
XR3,XR35,功能障碍康复，不伴合并症或并发症
XS1,XS11,体征及症状，伴严重合并症或并发症
XS1,XS15,体征及症状，不伴严重合并症或并发症
XS2,XS21,随访（不含恶性肿瘤诊断)，伴严重合并症或并发症
XS2,XS23,随访（不含恶性肿瘤诊断)，伴一般合并症或并发症
XS2,XS25,随访（不含恶性肿瘤诊断)，不伴合并症或并发症
XT1,XT19,其他后期照护
XT2,XT29,非特指的先天畸形
XT3,XT33,其他影响健康状态的因素，伴合并症或并发症
XT3,XT35,其他影响健康状态的因素，不伴合并症或并发症
YC1,YC11,HIV相关疾病的手术，伴严重合并症或并发症相关疾病的手术，伴严重合并症或并发症
YC1,YC13,HIV相关疾病的手术，伴一般合并症或并发症相关疾病的手术，伴一般合并症或并发症
YC1,YC15,HIV相关疾病的手术，不伴合并症或并发症相关疾病的手术，不伴合并症或并发症
YR1,YR11,HIV相关疾病，伴严重合并症或并发症相关疾病，伴严重合并症或并发症
YR1,YR13,HIV相关疾病，伴一般合并症或并发症相关疾病，伴一般合并症或并发症
YR1,YR15,HIV 相关疾病，不伴合并症或并发症
YR2,YR21,HIV 其他相关情况，伴严重合并症或并发症
YR2,YR25,HIV 其他相关情况，不伴严重合并症或并发症
ZB1,ZB19,多发性严重创伤开颅术
ZC1,ZC11,多发性严重创伤的脊柱、髋、股或肢体手术，伴严重合并症或并发症
ZC1,ZC15,多发性严重创伤的脊柱、髋、股或肢体手术，不伴严重合并症或并发症
ZD1,ZD19,严重复合伤的腹部手术
ZJ1,ZJ11,与多发伤有关的其他手术操作，伴严重合并症或并发症
ZJ1,ZJ15,与多发伤有关的其他手术操作，不伴严重合并症或并发症
ZZ1,ZZ11,多发性重要创伤无手术，伴严重合并症或并发症
ZZ1,ZZ15,多发性重要创伤无手术，不伴严重合并症或并发症
