mdc,drg_code,drg_name,drg_attr,drg_type,weight_23,weight_1
A,AA19,心肺移植,无权重组,外科组,,
A,AA29,心脏移植,不稳定病组,外科组,23.4874,
A,AB19,肝移植,三级无极差组,外科组,26.7180,
A,AC19,胰/肾联合移植,无权重组,外科组,,
A,AD19,胰腺移植,无权重组,外科组,,
A,AE19,肾移植,三级无极差组,外科组,10.7005,
A,AF19,肺移植,无权重组,外科组,,
A,AG19,非同胞全相合异基因造血干细胞移植,三级无极差组,外科组,22.8654,
A,AG29,同胞全相合异基因造血干细胞移植,三级无极差组,外科组,21.6314,
A,AG39,自体骨髓／造血干细胞移植,三级无极差组,外科组,7.6909,
A,AH19,ECMO或全人工心脏植入术,三级无极差组,外科组,25.2885,
A,AH23,有创呼吸机支持≥96小时，伴严重或伴一般合并症或并发症，且年龄小于60岁,非基础组,外科组,8.5828,5.1385
A,AH25,有创呼吸机支持≥96小时，不伴合并症或并发症,非基础组,外科组,5.2934,
A,AH2B,有创呼吸机支持≥96小时，有创呼吸机伴CRRT，且年龄小于60岁,非基础组,外科组,14.8428,11.939
A,AH2P,有创呼吸机支持≥96小时，有创呼吸机伴CRRT，且年龄大于等于60,非基础组,外科组,12.6315,6.5116
A,AH2N,有创呼吸机支持≥96小时，伴严重或伴一般合并症或并发症，且年龄大于等于60岁,非基础组,外科组,7.7629,5.9086
B,BB19,神经系统复合手术,三级无极差组,外科组,8.7348,
B,BB21,伴出血诊断的颅脑手术，伴严重合并症或并发症,非基础组,外科组,7.1025,3.2059
B,BB23,伴出血诊断的颅脑手术，伴一般合并症或并发症,非基础组,外科组,4.6825,3.1033
B,BB25,伴出血诊断的颅脑手术，不伴合并症或并发症,非基础组,外科组,3.5087,1.6381
B,BB31,伴肿瘤诊断的颅脑手术，伴严重合并症或并发症,三级无极差组,外科组,8.9677,
B,BB35,伴肿瘤诊断的颅脑手术，伴一般或不伴并发症或合并症,三级无极差组,外科组,7.1905,0.3812
B,BB41,伴创伤诊断的颅脑手术，伴严重合并症或并发症,非基础组,外科组,6.2221,2.5495
B,BB43,伴创伤诊断的颅脑手术，伴一般合并症或并发症,无极差组,外科组,4.2040,2.18418
B,BB45,伴创伤诊断的颅脑手术，不伴合并症或并发症,非基础组,外科组,2.7945,
B,BB51,其他颅脑相关手术，伴严重合并症或并发症,非基础组,外科组,6.8793,2.5757
B,BB55,其他颅脑相关手术，伴一般或不伴并发症或合并症,非基础组,外科组,4.8417,2.1180
B,BC19,脑室分流及翻修手术,非基础组,外科组,6.4563,6.1335
B,BD11,脊柱脊髓手术，伴严重合并症或并发症,非基础组,外科组,5.9011,5.7814
B,BD15,脊柱脊髓手术，伴一般或不伴并发症或合并症,三级无极差组,外科组,4.7217,1.6419
B,BD1C,脊柱脊髓手术，小手术,非基础组,外科组,1.1380,0.7861
B,BD29,立体定向与功能性神经外科手术,三级无极差组,外科组,9.3705,
B,BE19,颈及脑血管手术,非基础组,外科组,4.5488,0.6329
B,BE29,神经介入治疗,非基础组,外科组,10.2272,9.7158
B,BJ11,神经系统其他手术，伴严重合并症或并发症,非基础组,外科组,3.2777,0.6027
B,BJ13,神经系统其他手术，伴一般合并症或并发症,非基础组,外科组,1.4928,0.5570
B,BJ15,神经系统其他手术，不伴合并症或并发症,非基础组,外科组,1.2200,0.5013
B,BL11,神经系统血管病溶栓治疗，伴严重合并症或并发症,非基础组,非手术室操作组,2.5169,
B,BL15,神经系统血管病溶栓治疗，伴一般或不伴并发症或合并症,非基础组,非手术室操作组,2.0757,1.3971
B,BM11,神经介入检查术，伴严重合并症或并发症,非基础组,非手术室操作组,1.7307,
B,BM15,神经介入检查术，伴一般或不伴并发症或合并症,非基础组,非手术室操作组,1.4255,1.1131
B,BR13,脑卒中，伴严重或伴一般合并症或并发症,非基础组,内科组,1.2779,0.7647
B,BR15,脑卒中，不伴合并症或并发症,非基础组,内科组,1.0334,0.4057
B,BR23,其他脑缺血性疾病，伴严重或伴一般合并症或并发症,非基础组,内科组,0.6641,0.3624
B,BR25,其他脑缺血性疾病，不伴合并症或并发症,基础组,内科组,0.5442,0.2662
B,BR2A,其他脑缺血性疾病，脑梗死、颈动脉夹层,非基础组,内科组,0.8948,0.3625
B,BS11,非创伤性意识障碍，伴严重合并症或并发症,非基础组,内科组,1.5699,0.5235
B,BS13,非创伤性意识障碍，伴一般合并症或并发症,非基础组,内科组,0.7413,0.377
B,BS15,非创伤性意识障碍，不伴合并症或并发症,无极差组,内科组,0.6333,0.3632
B,BT11,病毒性脑、脊髓和脑膜炎，伴严重合并症或并发症,非基础组,内科组,1.5396,0.2833
B,BT13,病毒性脑、脊髓和脑膜炎，伴一般合并症或并发症,非基础组,内科组,1.1973,0.2575
B,BT15,病毒性脑、脊髓和脑膜炎，不伴合并症或并发症,非基础组,内科组,0.7125,0.2318
B,BT29,细菌性脑、脊髓和脑膜炎,非基础组,内科组,1.9820,0.247
B,BT2D,细菌性脑、脊髓和脑膜炎，结核性脑、脊髓和脑膜炎,非基础组,内科组,1.4267,0.2421
B,BT33,神经系统的其他感染，伴严重或伴一般合并症或并发症,非基础组,内科组,0.6135,0.2871
B,BT35,神经系统的其他感染，不伴合并症或并发症,非基础组,内科组,0.4456,0.2128
B,BT3E,神经系统的其他感染，脑炎、脊髓炎和脑脊髓炎,非基础组,内科组,0.9805,0.2736
B,BU11,神经系统肿瘤，伴严重合并症或并发症,非基础组,内科组,1.0922,0.4404
B,BU13,神经系统肿瘤，伴一般并发症或合并症,非基础组,内科组,0.8356,0.3312
B,BU15,神经系统肿瘤，不伴并发症或合并症,非基础组,内科组,0.7374,0.2798
B,BU23,神经系统变性疾病，伴严重或伴一般并发症或合并症,非基础组,内科组,0.8138,0.5031
B,BU25,神经系统变性疾病，不伴并发症或合并症,非基础组,内科组,0.6287,0.326
B,BU31,中枢神经系统脱髓鞘病，伴严重合并症或并发症,非基础组,内科组,1.6767,0.4558
B,BU33,中枢神经系统脱髓鞘病，伴一般并发症或合并症,非基础组,内科组,1.1787,0.4144
B,BU35,中枢神经系统脱髓鞘病，不伴并发症或合并症,非基础组,内科组,0.9282,0.3729
B,BV11,癫痫，伴严重合并症或并发症,非基础组,内科组,0.8925,0.4716
B,BV13,癫痫，伴一般合并症或并发症,非基础组,内科组,0.6759,0.3406
B,BV15,癫痫，不伴合并症或并发症,非基础组,内科组,0.5024,0.275
B,BV21,神经肌肉接头及肌肉病，伴严重合并症或并发症,非基础组,内科组,0.9276,0.3153
B,BV23,神经肌肉接头及肌肉病，伴一般并发症或合并症,非基础组,内科组,0.6652,0.2866
B,BV25,神经肌肉接头及肌肉病，不伴并发症或合并症,非基础组,内科组,0.5713,0.2580
B,BV33,头痛，伴严重或伴一般并发症或合并症,非基础组,内科组,0.6184,0.2938
B,BV35,头痛，不伴并发症或合并症,基础组,内科组,0.5138,0.2308
B,BW19,神经系统先天性疾病,非基础组,内科组,0.6585,0.2753
B,BW21,脑性瘫痪，伴严重合并症或并发症,非基础组,内科组,1.8253,1.0842
B,BW23,脑性瘫痪，伴一般合并症或并发症,非基础组,内科组,1.3398,0.8345
B,BW25,脑性瘫痪，不伴合并症或并发症,无极差组,内科组,0.9919,0.6158
B,BX11,认知功能障碍，伴严重合并症或并发症,非基础组,内科组,0.9718,0.6343
B,BX13,认知功能障碍，伴一般并发症或合并症,非基础组,内科组,0.7521,0.4016
B,BX15,认知功能障碍，不伴合并症或并发症,非基础组,内科组,0.5949,0.3185
B,BX23,脑神经/周围神经疾病，伴严重或伴一般合并症或并发症,非基础组,内科组,0.7539,0.417
B,BX25,脑神经/周围神经疾病，不伴合并症或并发症,基础组,内科组,0.6531,0.3766
B,BX2D,脑神经/周围神经疾病，吉兰-巴雷［格林-巴利］综合征,非基础组,内科组,2.4472,0.5035
B,BY11,颅脑损伤，伴严重合并症或并发症,非基础组,内科组,1.3830,0.4925
B,BY13,颅脑损伤，伴一般并发症或合并症,非基础组,内科组,0.8483,0.3592
B,BY15,颅脑损伤，不伴并发症或合并症,非基础组,内科组,0.6593,0.2875
B,BY21,脊髓伤病及功能障碍，伴严重合并症或并发症,非基础组,内科组,1.7732,0.8014
B,BY23,脊髓伤病及功能障碍，伴一般合并症或并发症,非基础组,内科组,1.1720,0.5671
B,BY25,脊髓伤病及功能障碍，不伴合并症或并发症,非基础组,内科组,0.8821,0.3913
B,BZ11,神经系统其他疾病，伴严重合并症或并发症,非基础组,内科组,1.1410,0.5049
B,BZ13,神经系统其他疾病，伴一般合并症或并发症,无极差组,内科组,0.8569,0.4485
B,BZ15,神经系统其他疾病，不伴合并症或并发症,基础组,内科组,0.6006,0.3108
C,CB19,角膜移植手术,非基础组,外科组,1.0609,0.3306
C,CB29,玻璃体、视网膜、脉络膜联合晶状体手术,非基础组,外科组,1.4938,0.8788
C,CB33,晶状体联合视网膜及晶状体以外的内眼手术，伴严重或伴一般并发症或合并症,无极差组,外科组,1.0209,0.7331
C,CB35,晶状体联合视网膜及晶状体以外的内眼手术，不伴并发症或合并症,非基础组,外科组,0.8655,0.5998
C,CB49,玻璃体、视网膜、脉络膜手术,非基础组,外科组,0.8098,0.2077
C,CB4C,玻璃体、视网膜、脉络膜手术，药物注射,非基础组,外科组,0.8930,0.3719
C,CB4A,玻璃体、视网膜、脉络膜手术，玻璃体手术,非基础组,外科组,1.5656,0.6103
C,CB53,晶状体手术，伴严重或伴一般并发症或合并症,非基础组,外科组,0.8034,0.5782
C,CB55,晶状体手术，不伴并发症或合并症,基础组,外科组,0.7024,0.5022
C,CB69,视网膜及晶状体以外的内眼手术,非基础组,外科组,0.5699,0.3051
C,CB73,角膜、巩膜、结膜手术，伴严重或伴一般并发症或合并症,非基础组,外科组,0.4119,0.3312
C,CB75,角膜、巩膜、结膜手术，不伴并发症或合并症,非基础组,外科组,0.3034,0.2928
C,CB7A,角膜、巩膜、结膜手术，穿透伤或撕裂伤,非基础组,外科组,0.6129,0.5383
C,CD19,眼眶手术,非基础组,外科组,0.6771,0.2707
C,CD1A,眼眶手术，开框手术,非基础组,外科组,1.6587,0.3681
C,CD29,眼肌手术,三级无极差组,外科组,0.7178,
C,CD33,除眼眶外的外眼手术，伴严重或伴一般并发症或合并症,非基础组,外科组,0.4825,0.2954
C,CD35,除眼眶外的外眼手术，不伴并发症或合并症，且年龄大于18岁,非基础组,外科组,0.3089,0.2434
C,CD36,除眼眶外的外眼手术，不伴并发症或合并症，且年龄小于等于18岁,非基础组,外科组,0.4920,0.1586
C,CJ13,其他眼部手术，伴严重或伴一般并发症或合并症,非基础组,外科组,0.6782,0.5939
C,CJ15,其他眼部手术，不伴并发症或合并症,非基础组,外科组,0.5531,0.372
C,CR19,眼部恶性肿瘤及交界性肿瘤,非基础组,内科组,0.7144,0.3024
C,CS13,眼外肌、眼的神经及血管疾病，伴严重或伴一般合并症或并发症,非基础组,内科组,0.7010,0.5113
C,CS15,眼外肌、眼的神经及血管疾病，不伴合并症或并发症,非基础组,内科组,0.5414,0.2908
C,CT13,前房出血及眼创伤的非手术治疗，伴严重或伴一般并发症或合并症,非基础组,内科组,0.3447,0.2597
C,CT15,前房出血及眼创伤的非手术治疗，不伴并发症或合并症,非基础组,内科组,0.2735,0.1793
C,CU13,急性重大眼感染，伴严重或伴一般并发症或合并症,非基础组,内科组,0.3457,0.2067
C,CU15,急性重大眼感染，不伴并发症或合并症,基础组,内科组,0.2677,0.1611
C,CV13,各种类型青光眼，伴严重或伴一般并发症或合并症,非基础组,内科组,0.3331,0.2275
C,CV15,各种类型青光眼，不伴并发症或合并症,非基础组,内科组,0.2589,0.1875
C,CW19,各种类型白内障,无极差组,内科组,0.1000,0.1
C,CX13,其他疾病引起眼部病变，伴严重或伴一般合并症或并发症,非基础组,内科组,0.6429,0.2742
C,CX15,其他疾病引起眼部病变，不伴合并症或并发症,非基础组,内科组,0.4998,0.2476
C,CZ13,其他眼部疾病，伴严重或伴一般并发症或合并症,非基础组,内科组,0.4698,0.1839
C,CZ15,其他眼部疾病，不伴并发症或合并症,非基础组,内科组,0.3165,0.1598
D,DB19,鼻颅底或鼻眼复杂手术,非基础组,外科组,1.0705,0.9246
D,DB29,鼻颅底或鼻眼一般手术,非基础组,外科组,1.2069,0.7037
D,DC19,口腔颌面头颈缺损游离组织瓣修复术,不稳定病组,外科组,1.4370,
D,DC29,口腔颌面头颈缺损其他组织瓣修复术,非基础组,外科组,0.7020,0.4029
D,DC33,口腔颌面头颈恶性肿瘤根治术，伴严重或伴一般并发症或合并症,三级无极差组,外科组,3.1582,
D,DC35,口腔颌面头颈恶性肿瘤根治术，不伴并发症或合并症,三级无极差组,外科组,2.7799,
D,DC41,口腔颌面头颈肿瘤切除术，伴严重合并症或并发症,非基础组,外科组,2.7288,
D,DC43,口腔颌面头颈肿瘤切除术，伴一般合并症或并发症,非基础组,外科组,1.7655,0.643
D,DC45,口腔颌面头颈肿瘤切除术，不伴合并症或并发症,非基础组,外科组,1.1262,0.4495
D,DD19,人工听觉装置植入,三级无极差组,外科组,1.7731,
D,DD29,唇、腭裂修补术,非基础组,外科组,1.1735,0.6748
D,DE19,中耳/内耳/侧颅底手术,非基础组,外科组,1.1555,0.7555
D,DE21,耳部其他小手术，伴严重合并症或并发症,非基础组,外科组,0.8607,
D,DE23,耳部其他小手术，伴一般合并症或并发症,非基础组,外科组,0.5721,0.3595
D,DE25,耳部其他小手术，不伴合并症或并发症,基础组,外科组,0.4599,0.2865
D,DF13,鼻成形术，伴严重或伴一般并发症或合并症,非基础组,外科组,0.9969,0.9471
D,DF15,鼻成形术，不伴并发症或合并症,非基础组,外科组,0.8371,0.5295
D,DF21,鼻腔、鼻窦手术，伴严重合并症或并发症,非基础组,外科组,1.3650,1.0081
D,DF25,鼻腔、鼻窦手术，伴一般或不伴并发症或合并症,非基础组,外科组,1.1264,0.6712
D,DG13,咽、喉、气管手术，伴严重或伴一般并发症或合并症,非基础组,外科组,0.9568,0.8391
D,DG15,咽、喉、气管手术，不伴并发症或合并症,基础组,外科组,0.7804,0.6607
D,DG29,扁桃体和/或腺样体切除手术,非基础组,外科组,1.0343,0.6339
D,DH19,颅面骨正颌手术,三级无极差组,外科组,1.4467,
D,DH29,颅面骨创伤手术,非基础组,外科组,3.1450,2.3094
D,DH39,颞下颌关节手术,三级无极差组,外科组,1.8061,
D,DH43,颅面骨其他手术，伴严重或伴一般并发症或合并症,三级无极差组,外科组,1.3065,1.1419
D,DH45,颅面骨其他手术，不伴并发症或合并症,非基础组,外科组,0.9964,0.3462
D,DJ13,头、颈、耳、鼻、咽、口其他手术，伴严重或伴一般并发症或合并症,非基础组,外科组,0.9458,0.4883
D,DJ15,头、颈、耳、鼻、咽、口其他手术，不伴并发症或合并症,非基础组,外科组,0.7187,0.3375
D,DK13,其他头、颈、耳、鼻、咽、口治疗操作，伴严重或伴一般并发症或合并症,非基础组,非手术室操作组,0.4504,0.3936
D,DK15,其他头、颈、耳、鼻、咽、口治疗操作，不伴并发症或合并症,非基础组,非手术室操作组,0.3434,0.2560
D,DR13,头、颈、耳、鼻、咽、口恶性肿瘤，伴严重或伴一般并发症或合并症,非基础组,内科组,1.0515,0.3459
D,DR15,头、颈、耳、鼻、咽、口恶性肿瘤，不伴并发症或合并症,非基础组,内科组,0.6669,0.2478
D,DS13,平衡失调及听觉障碍，伴严重或伴一般并发症或合并症,非基础组,内科组,0.6192,0.2742
D,DS15,平衡失调及听觉障碍，不伴并发症或合并症,基础组,内科组,0.5133,0.2234
D,DT13,中耳炎及上呼吸道感染，伴严重或伴一般并发症或合并症,非基础组,内科组,0.3207,0.1893
D,DT15,中耳炎及上呼吸道感染，不伴并发症或合并症,基础组,内科组,0.2353,0.1414
D,DT23,会厌炎、喉炎及气管炎，伴严重或伴一般并发症或合并症,非基础组,内科组,0.4228,0.2158
D,DT25,会厌炎、喉炎及气管炎，不伴并发症或合并症,基础组,内科组,0.3221,0.1605
D,DU13,头、颈、外耳、口鼻的创伤及变形，伴严重或伴一般并发症或合并症,非基础组,内科组,0.5048,0.2759
D,DU15,头、颈、外耳、口鼻的创伤及变形，不伴并发症或合并症,非基础组,内科组,0.3821,0.208
D,DV19,头、颈、耳、鼻、咽、口非恶性增生性疾病,非基础组,内科组,0.5885,0.2474
D,DW13,口腔、牙齿有关疾病，伴严重或伴一般并发症或合并症,非基础组,内科组,0.4464,0.1841
D,DW15,口腔、牙齿有关疾病，不伴并发症或合并症,非基础组,内科组,0.3105,0.1356
D,DZ13,其他头、颈、耳、鼻、咽、口疾病，伴严重或伴一般合并症或并发症,非基础组,内科组,0.4513,0.2479
D,DZ15,其他头、颈、耳、鼻、咽、口疾病，不伴合并症或并发症,基础组,内科组,0.3054,0.1656
E,EB19,肺大手术,三级无极差组,外科组,6.0946,3.522
E,EB29,肺其他手术,非基础组,外科组,4.3089,1.1888
E,EC19,纵隔、气管、胸壁大手术,三级无极差组,外科组,3.1889,0.3685
E,EC29,纵隔、气管、胸壁其他手术,非基础组,外科组,3.0482,0.2314
E,ED11,除肺、纵隔、气管、胸壁外的其他手术，伴严重合并症或并发症,非基础组,外科组,2.1775,
E,ED13,除肺、纵隔、气管、胸壁外的其他手术，伴一般合并症或并发症,非基础组,外科组,1.4827,
E,ED15,除肺、纵隔、气管、胸壁外的其他手术，不伴合并症或并发症,非基础组,外科组,1.0337,0.3729
E,EJ19,呼吸系统其他手术,非基础组,外科组,3.1125,1.7351
E,EK19,有创呼吸机治疗小于96小时,非基础组,非手术室操作组,2.7126,0.6064
E,EK23,伴肺水肿或呼吸衰竭的无创呼吸支持技术，伴严重或伴一般合并症或并发症,非基础组,非手术室操作组,1.9217,1.1268
E,EK25,伴肺水肿或呼吸衰竭的无创呼吸支持技术，不伴合并症或并发症,非基础组,非手术室操作组,1.3444,0.894
E,ER13,呼吸系统肿瘤，伴严重或伴一般并发症或合并症,非基础组,内科组,1.4708,0.417
E,ER15,呼吸系统肿瘤，不伴严重合并症或并发症,非基础组,内科组,1.0409,0.2967
E,ER21,肺水肿或呼吸衰竭，伴严重合并症或并发症,非基础组,内科组,1.6764,0.7203
E,ER23,肺水肿或呼吸衰竭，伴一般合并症或并发症,非基础组,内科组,1.2202,0.6743
E,ER25,肺水肿或呼吸衰竭，不伴合并症或并发症,非基础组,内科组,0.9720,0.5709
E,ES11,肺真菌病，伴严重合并症或并发症,非基础组,内科组,2.2644,0.6191
E,ES13,肺真菌病，伴一般合并症或并发症,非基础组,内科组,1.3581,0.4540
E,ES15,肺真菌病，不伴合并症或并发症,非基础组,内科组,1.0964,0.4086
E,ES21,呼吸系统结核，伴严重合并症或并发症,非基础组,内科组,1.3027,0.582
E,ES25,呼吸系统结核，伴一般或不伴并发症或合并症,非基础组,内科组,0.8440,0.3342
E,ES31,呼吸系统感染/炎症，伴严重合并症或并发症,非基础组,内科组,0.8020,0.4011
E,ES33,呼吸系统感染/炎症，伴一般合并症或并发症,非基础组,内科组,0.6866,0.3217
E,ES35,呼吸系统感染/炎症，不伴合并症或并发症,基础组,内科组,0.3985,0.2162
E,ET11,肺间质性疾病，伴严重合并症或并发症,非基础组,内科组,1.0985,0.4055
E,ET13,肺间质性疾病，伴一般合并症或并发症,非基础组,内科组,0.8204,0.3249
E,ET15,肺间质性疾病，不伴合并症或并发症,非基础组,内科组,0.6458,0.2642
E,ET23,慢性气道阻塞病，伴严重或伴一般合并症或并发症,非基础组,内科组,0.8318,0.3962
E,ET25,慢性气道阻塞病，不伴合并症或并发症,基础组,内科组,0.6281,0.2761
E,EU13,重大胸部创伤，伴严重或伴一般并发症或合并症,非基础组,内科组,0.8727,0.2865
E,EU15,重大胸部创伤，不伴并发症或合并症,非基础组,内科组,0.6253,0.2084
E,EV13,呼吸系统症状、体征，伴严重或伴一般并发症或合并症,非基础组,内科组,0.7866,0.3999
E,EV15,呼吸系统症状、体征，不伴并发症或合并症,基础组,内科组,0.6429,0.2695
E,EW11,胸膜病变及胸腔积液，伴严重合并症或并发症,非基础组,内科组,1.2101,0.5362
E,EW13,胸膜病变及胸腔积液，伴一般合并症或并发症,非基础组,内科组,0.8473,0.4132
E,EW15,胸膜病变及胸腔积液，不伴合并症或并发症,非基础组,内科组,0.6020,0.3116
E,EX13,哮喘及喘息性支气管炎，伴严重或伴一般合并症或并发症,非基础组,内科组,0.6822,0.3624
E,EX15,哮喘及喘息性支气管炎，不伴合并症或并发症,基础组,内科组,0.5120,0.2496
E,EX23,百日咳及急性支气管炎，伴严重或伴一般并发症或合并症,非基础组,内科组,0.4350,0.2409
E,EX25,百日咳及急性支气管炎，不伴并发症或合并症,无极差组,内科组,0.2878,0.1712
E,EX2D,百日咳及急性支气管炎，白喉、百日咳,非基础组,内科组,0.3704,0.1961
E,EZ11,其他呼吸系统疾病，伴严重合并症或并发症,非基础组,内科组,0.9661,0.34
E,EZ13,其他呼吸系统疾病，伴一般合并症或并发症,非基础组,内科组,0.6833,0.3015
E,EZ15,其他呼吸系统疾病，不伴合并症或并发症,基础组,内科组,0.4641,0.2322
F,FB19,瓣膜手术伴冠脉手术,三级无极差组,外科组,14.6289,
F,FB23,心脏瓣膜手术，伴严重或伴一般并发症或合并症,三级无极差组,外科组,13.1200,
F,FB25,心脏瓣膜手术，不伴并发症或合并症,三级无极差组,外科组,10.6134,
F,FC19,冠状动脉手术,三级无极差组,外科组,10.7882,
F,FD19,先天性心脏病复杂手术,三级无极差组,外科组,6.9723,
F,FD23,先天性心脏病常规手术，伴严重或伴一般合并症或并发症,三级无极差组,外科组,6.7866,
F,FD25,先天性心脏病常规手术，不伴合并症或并发症,三级无极差组,外科组,4.9824,
F,FE19,大血管复杂手术,三级无极差组,外科组,17.9174,
F,FE29,大血管常规手术,非基础组,外科组,7.0803,0.5525
F,FF19,外周血管手术伴介入操作,非基础组,外科组,6.4002,3.8004
F,FF23,外周血管（除大隐静脉外）其他的手术，伴严重或伴一般合并症或并发症,非基础组,外科组,1.5241,0.6253
F,FF25,外周血管（除大隐静脉外）其他的手术，不伴合并症或并发症,非基础组,外科组,1.0235,0.4785
F,FF33,大隐静脉和小隐静脉手术，伴严重或伴一般并发症或合并症,非基础组,外科组,1.3318,0.6758
F,FF35,大隐静脉和小隐静脉手术，不伴并发症或合并症,非基础组,外科组,1.0958,0.6315
F,FJ19,心血管系统其他手术,三级无极差组,外科组,7.9788,
F,FK19,心脏循环辅助系统植入,非基础组,非手术室操作组,7.8160,
F,FK29,伴急性心肌梗死/心衰/休克的心脏除颤器及心室同步,非基础组,非手术室操作组,14.5512,
F,FK39,不伴急性心肌梗死/心衰/休克的心脏除颤器及心室同步,三级无极差组,非手术室操作组,11.9080,
F,FK49,永久性起搏器植入/置换/更新,非基础组,非手术室操作组,5.6205,5.207
F,FL19,经皮瓣膜植入或修复术,三级无极差组,非手术室操作组,28.3075,
F,FL1A,经皮瓣膜植入或修复术，经导管主动脉瓣植入术,三级无极差组,非手术室操作组,23.9130,
F,FL29,经皮心脏消融术伴房颤和/或房扑,三级无极差组,非手术室操作组,8.0139,
F,FL39,经皮心脏消融术除房扑、房颤外其他心律失常,三级无极差组,非手术室操作组,4.2357,2.6192
F,FL49,先天性心脏病介入治疗,三级无极差组,非手术室操作组,3.0275,
F,FM19,经皮大血管复杂手术,三级无极差组,非手术室操作组,17.0511,
F,FM29,经皮大血管常规手术,三级无极差组,非手术室操作组,13.6211,
F,FM39,经皮冠状动脉支架植入,非基础组,非手术室操作组,3.1575,2.9996
F,FM49,其他经皮心血管治疗,非基础组,非手术室操作组,3.1832,3.0241
F,FM59,经皮心导管检查操作,非基础组,非手术室操作组,0.9727,0.924
F,FN19,下肢动脉经皮血管内治疗,非基础组,非手术室操作组,5.9603,5.2093
F,FN29,其他外周血管检查和/或治疗,非基础组,非手术室操作组,3.2290,2.8221
F,FP11,心力衰竭、休克伴操作性治疗，伴严重合并症或并发症,非基础组,非手术室操作组,3.0114,
F,FP15,心力衰竭、休克伴操作性治疗，伴一般或不伴合并症或并发症,非基础组,非手术室操作组,1.8602,1.7672
F,FR19,急性心肌梗死,非基础组,内科组,1.3281,0.4818
F,FR21,心力衰竭、休克，伴严重合并症或并发症,非基础组,内科组,1.0690,0.5761
F,FR23,心力衰竭、休克，伴一般并发症或合并症,非基础组,内科组,0.8971,0.4402
F,FR25,心力衰竭、休克，不伴并发症或合并症,基础组,内科组,0.7018,0.3343
F,FR31,肺栓塞，伴严重合并症或并发症,非基础组,内科组,1.3917,0.697
F,FR35,肺栓塞，伴一般或不伴合并症或并发症,非基础组,内科组,1.0419,0.4142
F,FR49,心绞痛,基础组,内科组,0.6904,0.3705
F,FR53,冠状动脉粥样硬化/血栓/闭塞，伴严重或伴一般并发症或合并症,非基础组,内科组,0.6841,0.3913
F,FR55,冠状动脉粥样硬化/血栓/闭塞，不伴并发症或合并症,基础组,内科组,0.5889,0.2815
F,FT13,心肌病，伴严重或伴一般并发症或合并症,非基础组,内科组,0.8359,0.3719
F,FT15,心肌病，不伴并发症或合并症,非基础组,内科组,0.5807,0.2405
F,FT29,感染性心内膜炎,非基础组,内科组,1.7945,0.2558
F,FT33,瓣膜疾病，伴严重或伴一般并发症或合并症,非基础组,内科组,0.6847,0.3521
F,FT35,瓣膜疾病，不伴并发症或合并症,非基础组,内科组,0.5897,0.2996
F,FT41,心包疾病，伴严重合并症或并发症,非基础组,内科组,1.4473,0.5262
F,FT43,心包疾病，伴一般合并症或并发症,非基础组,内科组,1.1024,0.4538
F,FT45,心包疾病，不伴合并症或并发症,非基础组,内科组,0.8302,0.3014
F,FU11,严重心律失常及心脏停搏，伴严重合并症或并发症,非基础组,内科组,1.3844,0.9879
F,FU13,严重心律失常及心脏停搏，伴一般并发症或合并症,非基础组,内科组,0.8683,0.586
F,FU15,严重心律失常及心脏停搏，不伴并发症或合并症,非基础组,内科组,0.6706,0.3703
F,FU23,心律失常及传导障碍，伴严重或伴一般并发症或合并症,非基础组,内科组,0.6115,0.2933
F,FU25,心律失常及传导障碍，不伴并发症或合并症,基础组,内科组,0.4987,0.2516
F,FV13,先天性心脏病，伴严重或伴一般并发症或合并症,非基础组,内科组,0.6805,0.5029
F,FV15,先天性心脏病，不伴并发症或合并症,非基础组,内科组,0.5767,0.3058
F,FV23,高血压，伴严重或伴一般合并症或并发症,非基础组,内科组,0.5978,0.3136
F,FV25,高血压，不伴合并症或并发症,基础组,内科组,0.5033,0.244
F,FV33,晕厥及/或虚脱，伴严重或伴一般合并症或并发症,非基础组,内科组,0.6759,0.341
F,FV35,晕厥及/或虚脱，不伴合并症或并发症,非基础组,内科组,0.5513,0.2855
F,FW13,动脉疾病，伴严重或伴一般合并症或并发症,非基础组,内科组,0.8679,0.4437
F,FW15,动脉疾病，不伴合并症或并发症,非基础组,内科组,0.6700,0.2921
F,FW21,静脉疾病，伴严重合并症或并发症,非基础组,内科组,0.7668,0.4220
F,FW25,静脉疾病，伴一般或不伴并发症或合并症,非基础组,内科组,0.5927,0.3453
F,FZ13,其他循环系统疾病，伴严重或伴一般并发症或合并症,非基础组,内科组,0.6912,0.337
F,FZ15,其他循环系统疾病，不伴并发症或合并症,非基础组,内科组,0.5463,0.265
G,GB11,食管大手术，伴严重合并症或并发症,非基础组,外科组,8.9768,4.2911
G,GB15,食管大手术，伴一般或不伴并发症或合并症,非基础组,外科组,7.3379,3.8071
G,GB1A,食管大手术，全食管切除术、三切口食管部分切除术,非基础组,外科组,9.3577,
G,GB21,胃、十二指肠大手术，伴严重合并症或并发症,非基础组,外科组,8.0868,4.6039
G,GB25,胃、十二指肠大手术，伴一般或不伴并发症或合并症,非基础组,外科组,6.0803,2.0206
G,GB39,小肠、大肠（含直肠）的大手术,非基础组,外科组,5.7710,3.2159
G,GB3A,小肠、大肠（含直肠）的大手术，联合手术,三级无极差组,外科组,7.0398,2.6312
G,GC19,食管其他手术,非基础组,外科组,2.4640,0.4343
G,GC21,胃、十二指肠其他手术，伴严重合并症或并发症,非基础组,外科组,4.5324,2.0313
G,GC23,胃、十二指肠其他手术，伴一般合并症或并发症,非基础组,外科组,3.1974,1.8466
G,GC25,胃、十二指肠其他手术，不伴合并症或并发症,非基础组,外科组,2.3459,1.6619
G,GC31,小肠、大肠（含直肠）的其他手术，伴严重合并症或并发症,非基础组,外科组,5.1024,3.5667
G,GC33,小肠、大肠（含直肠）的其他手术，伴一般合并症或并发症,非基础组,外科组,3.7442,1.3521
G,GC35,小肠、大肠（含直肠）的其他手术，不伴合并症或并发症,非基础组,外科组,2.8747,0.6434
G,GD19,腹膜后肿瘤手术,三级无极差组,外科组,3.8739,
G,GE11,伴穿孔、化脓、坏疽等阑尾切除术，伴严重合并症或并发症,非基础组,外科组,2.0002,1.1259
G,GE15,伴穿孔、化脓、坏疽等阑尾切除术，伴一般或不伴并发症或合并症,非基础组,外科组,1.2906,0.7879
G,GE21,阑尾切除术，伴严重合并症或并发症,非基础组,外科组,1.3929,0.9543
G,GE25,阑尾切除术，伴一般或不伴并发症或合并症,非基础组,外科组,1.1201,0.7757
G,GF13,特殊类型疝手术，伴严重或伴一般合并症或并发症,非基础组,外科组,3.3803,2.5514
G,GF15,特殊类型疝手术，不伴并发症或合并症,非基础组,外科组,2.2962,1.0348
G,GF23,腹壁疝及脐疝手术，伴严重或伴一般合并症或并发症,非基础组,外科组,2.0094,0.7856
G,GF25,腹壁疝及脐疝手术，不伴并发症或合并症,非基础组,外科组,1.3619,0.7336
G,GF33,腹股沟疝及股疝手术，伴严重或伴一般合并症或并发症,非基础组,外科组,1.3572,0.8086
G,GF35,腹股沟疝及股疝手术，不伴并发症或合并症,非基础组,外科组,1.1154,0.7052
G,GF3A,腹股沟疝及股疝手术，大于等于18岁，双侧手术,非基础组,外科组,1.7712,0.9873
G,GG19,肛管、肛门及肛周手术,非基础组,外科组,0.9090,0.5904
G,GG29,直肠其他手术,非基础组,外科组,1.0150,0.6712
G,GH13,腹腔/盆腔内粘连松解术，伴严重或伴一般合并症或并发症,非基础组,外科组,3.0165,1.9844
G,GH15,腹腔/盆腔内粘连松解术，不伴合并症或并发症,非基础组,外科组,2.0600,1.1013
G,GJ11,消化系统其他手术，伴严重合并症或并发症,非基础组,外科组,3.7466,2.6325
G,GJ13,消化系统其他手术，伴一般合并症或并发症,非基础组,外科组,3.0617,1.4977
G,GJ15,消化系统其他手术，不伴合并症或并发症,非基础组,外科组,1.6059,0.9283
G,GK13,消化系统其他内镜治疗操作，伴严重或伴一般合并症或并发症,非基础组,非手术室操作组,1.1266,0.607
G,GK15,消化系统其他内镜治疗操作，不伴并发症或合并症,基础组,非手术室操作组,0.8672,0.4787
G,GK21,胃镜治疗操作，伴严重合并症或并发症,非基础组,非手术室操作组,1.0503,0.5018
G,GK23,胃镜治疗操作，伴一般合并症或并发症,非基础组,非手术室操作组,0.7759,0.4562
G,GK25,胃镜治疗操作，不伴并发症或合并症,基础组,非手术室操作组,0.5677,0.3803
G,GK33,结肠镜治疗操作，伴严重或伴一般合并症或并发症,非基础组,非手术室操作组,0.7629,0.489
G,GK35,结肠镜治疗操作，不伴并发症或合并症,基础组,非手术室操作组,0.5972,0.4451
G,GR11,消化系统恶性肿瘤，伴严重合并症或并发症,非基础组,内科组,1.2605,0.3686
G,GR13,消化系统恶性肿瘤，伴一般合并症或并发症,非基础组,内科组,0.9570,0.3451
G,GR15,消化系统恶性肿瘤，不伴并发症或合并症,基础组,内科组,0.7413,0.2553
G,GS11,胃肠出血，伴严重合并症或并发症,非基础组,内科组,1.1221,0.4947
G,GS13,胃肠出血，伴一般合并症或并发症,非基础组,内科组,0.8747,0.4131
G,GS15,胃肠出血，不伴合并症或并发症,非基础组,内科组,0.6632,0.2922
G,GT13,炎症性肠病，伴严重或伴一般合并症或并发症,非基础组,内科组,0.8052,0.3268
G,GT15,炎症性肠病，不伴并发症或合并症,非基础组,内科组,0.5619,0.2524
G,GT1D,炎症性肠病，克罗恩病,非基础组,内科组,1.1810,0.223
G,GU11,消化道溃疡伴穿孔，伴严重合并症或并发症,非基础组,内科组,1.7333,0.7734
G,GU13,消化道溃疡伴穿孔，伴一般合并症或并发症,非基础组,内科组,1.3975,0.6842
G,GU15,消化道溃疡伴穿孔，不伴并发症或合并症,非基础组,内科组,1.0721,0.2714
G,GU23,其他消化道溃疡，伴严重或伴一般合并症或并发症,非基础组,内科组,0.7049,0.3109
G,GU25,其他消化道溃疡，不伴并发症或合并症,基础组,内科组,0.5054,0.2132
G,GV13,消化道梗阻或腹痛，伴严重或伴一般合并症或并发症,非基础组,内科组,0.6323,0.2902
G,GV15,消化道梗阻或腹痛，不伴并发症或合并症,基础组,内科组,0.4743,0.2298
G,GW13,食管炎、胃肠炎，伴严重或伴一般合并症或并发症,非基础组,内科组,0.4941,0.2562
G,GW15,食管炎、胃肠炎，不伴并发症或合并症,基础组,内科组,0.3548,0.1901
G,GZ11,其他消化系统疾病，伴严重合并症或并发症,非基础组,内科组,0.6820,0.372
G,GZ15,其他消化系统疾病，伴一般或不伴并发症或合并症,基础组,内科组,0.5995,0.355
H,HB11,胰、肝切除和/或分流手术，伴严重合并症或并发症,非基础组,外科组,8.2007,3.1916
H,HB15,胰、肝切除和/或分流手术，伴一般或不伴并发症或合并症,三级无极差组,外科组,5.8503,2.0413
H,HB1A,胰、肝切除和/或分流手术，胰腺手术,三级无极差组,外科组,9.0255,5.8474
H,HC11,胆总管手术，伴严重合并症或并发症,非基础组,外科组,3.9568,2.3683
H,HC15,胆总管手术，伴一般或不伴并发症或合并症,非基础组,外科组,2.9711,1.585
H,HC1A,胆总管手术，十二指肠镜胆总管手术伴胆囊切除术,非基础组,外科组,4.0474,2.7461
H,HC23,胆囊切除手术，伴严重或伴一般合并症或并发症,非基础组,外科组,1.5661,1.0922
H,HC25,胆囊切除手术，不伴并发症或合并症,非基础组,外科组,1.2912,0.9383
H,HC31,除胆囊切除术以外的胆道手术，伴严重合并症或并发症,非基础组,外科组,4.5254,1.6655
H,HC33,除胆囊切除术以外的胆道手术，伴一般合并症或并发症,非基础组,外科组,2.7374,1.2367
H,HC35,除胆囊切除术以外的胆道手术，不伴合并症或并发症,非基础组,外科组,1.3566,0.9948
H,HJ11,与肝、胆或胰腺疾病有关的其他手术，伴严重合并症或并发症,非基础组,外科组,4.3392,1.9354
H,HJ13,与肝、胆或胰腺疾病有关的其他手术，伴一般合并症或并发症,非基础组,外科组,2.9740,1.529
H,HJ15,与肝、胆或胰腺疾病有关的其他手术，不伴合并症或并发症,非基础组,外科组,1.9862,1.1973
H,HJ1A,与肝、胆或胰腺疾病有关的其他手术，人工肝治疗,三级无极差组,外科组,6.5076,
H,HK11,食管曲张静脉出血的治疗性内镜操作，伴严重合并症或并发症,非基础组,非手术室操作组,2.5388,
H,HK13,食管曲张静脉出血的治疗性内镜操作，伴一般合并症或并发症,无极差组,非手术室操作组,1.8701,
H,HK15,食管曲张静脉出血的治疗性内镜操作，不伴并发症或合并症,无极差组,非手术室操作组,1.3867,
H,HL11,肝胆胰系统的治疗性操作，伴严重合并症或并发症,非基础组,非手术室操作组,3.8456,2.3833
H,HL15,肝胆胰系统的治疗性操作，伴一般或不伴并发症或合并症,非基础组,非手术室操作组,3.1204,1.673
H,HL21,肝胆胰系统的诊断性操作，伴严重合并症或并发症,非基础组,非手术室操作组,3.5715,2.0659
H,HL25,肝胆胰系统的诊断性操作，伴一般或不伴并发症或合并症,无极差组,非手术室操作组,2.8803,1.6903
H,HR11,肝胆胰系统恶性肿瘤，伴严重合并症或并发症,非基础组,内科组,1.6083,0.4373
H,HR13,肝胆胰系统恶性肿瘤，伴一般合并症或并发症,非基础组,内科组,1.1715,0.3401
H,HR15,肝胆胰系统恶性肿瘤，不伴并发症或合并症,非基础组,内科组,1.0028,0.2738
H,HS11,肝功能衰竭，伴严重合并症或并发症,非基础组,内科组,2.0015,0.4847
H,HS13,肝功能衰竭，伴一般合并症或并发症,非基础组,内科组,1.4965,0.3902
H,HS15,肝功能衰竭，不伴并发症或合并症,非基础组,内科组,0.9592,0.3319
H,HS21,肝硬化，伴严重合并症或并发症,非基础组,内科组,1.1613,0.411
H,HS23,肝硬化，伴一般合并症或并发症,非基础组,内科组,0.8912,0.3604
H,HS25,肝硬化，不伴并发症或合并症,非基础组,内科组,0.7007,0.2773
H,HS31,病毒性肝炎，伴严重合并症或并发症,非基础组,内科组,0.9839,0.7165
H,HS33,病毒性肝炎，伴一般合并症或并发症,非基础组,内科组,0.7692,0.3124
H,HS35,病毒性肝炎，不伴并发症或合并症,非基础组,内科组,0.6276,0.2812
H,HT11,重症胰腺炎，伴严重合并症或并发症,非基础组,内科组,2.6982,0.7968
H,HT13,重症胰腺炎，伴一般合并症或并发症,非基础组,内科组,1.7144,0.7244
H,HT15,重症胰腺炎，不伴合并症或并发症,无极差组,内科组,1.1631,0.6519
H,HT23,急性胰腺炎，伴严重或伴一般合并症或并发症,非基础组,内科组,0.8645,0.4775
H,HT25,急性胰腺炎，不伴合并症或并发症,基础组,内科组,0.6521,0.3552
H,HU13,急性胆道疾病，伴严重或伴一般合并症或并发症,非基础组,内科组,0.7212,0.3178
H,HU15,急性胆道疾病，不伴并发症或合并症,基础组,内科组,0.6136,0.2305
H,HZ11,其他肝脏疾病，伴严重合并症或并发症,非基础组,内科组,1.1131,0.3858
H,HZ13,其他肝脏疾病，伴一般合并症或并发症,非基础组,内科组,0.7732,0.3366
H,HZ15,其他肝脏疾病，不伴合并症或并发症,非基础组,内科组,0.6177,0.2443
H,HZ29,胆道其他疾病,非基础组,内科组,0.7102,0.3651
H,HZ33,胰腺其他疾病，伴严重或伴一般合并症或并发症,非基础组,内科组,0.7830,0.3508
H,HZ35,胰腺其他疾病，不伴并发症或合并症,非基础组,内科组,0.6497,0.252
I,IB13,复杂脊柱疾病或3节段及以上脊柱融合手术或翻修手术，伴严重或伴一般合并症或并发症,非基础组,外科组,5.9929,
I,IB15,复杂脊柱疾病或3节段及以上脊柱融合手术或翻修手术，不伴并发症或合并症,非基础组,外科组,4.7337,1.8263
I,IB21,脊柱2节段及以下脊柱融合术，伴严重合并症或并发症,非基础组,外科组,4.6659,4.0779
I,IB25,脊柱2节段及以下脊柱融合术，伴一般或不伴并发症或合并症,非基础组,外科组,3.5845,3.3559
I,IB39,与脊柱有关的其他手术,非基础组,外科组,1.8499,1.392
I,IB3C,与脊柱有关的其他手术，小手术,非基础组,外科组,0.6655,
I,IB3D,与脊柱有关的其他手术，脊柱感染和肿瘤,无极差组,外科组,4.1629,0.996
I,IC19,髋、肩、膝、肘和踝关节假体翻修/修正手术,非基础组,外科组,5.7401,
I,IC29,髋、肩、膝、肘和踝关节置换术,非基础组,外科组,3.3508,2.7895
I,IC31,除置换/翻修外的髋、肩、膝、肘、踝和足部关节的修复、重建手术，伴严重合并症或并发症,非基础组,外科组,2.8659,1.3919
I,IC35,除置换/翻修外的髋、肩、膝、肘、踝和足部关节的修复、重建手术，伴一般或不伴并发症或合并症,非基础组,外科组,2.0681,0.9202
I,IC3A,除置换/翻修外的髋、肩、膝、肘、踝和足部关节的修复、重建手术，重建手术,非基础组,外科组,3.5672,0.9963
I,IC41,除置换/翻修外的髋、肩、膝、肘、踝和足部关节其他手术，伴严重合并症或并发症,非基础组,外科组,1.9947,0.9922
I,IC43,除置换/翻修外的髋、肩、膝、肘、踝和足部关节其他手术，伴一般或伴一般合并症或并发症,非基础组,外科组,1.6806,0.9715
I,IC45,除置换/翻修外的髋、肩、膝、肘、踝和足部关节其他手术，不伴并发症或合并症,非基础组,外科组,1.3990,0.7753
I,ID19,脊柱、骨盆的骨与软组织肿瘤手术,三级无极差组,外科组,3.2339,
I,ID23,除脊柱、骨盆以外的骨与软组织肿瘤手术，伴严重或伴一般合并症或并发症,三级无极差组,外科组,2.5553,
I,ID25,除脊柱、骨盆以外的骨与软组织肿瘤手术，不伴并发症或合并症,非基础组,外科组,1.5982,0.5895
I,IE13,骨盆髋臼手术，伴严重或伴一般合并症或并发症,非基础组,外科组,2.2774,1.3234
I,IE15,骨盆髋臼手术，不伴并发症或合并症,非基础组,外科组,1.0413,0.554
I,IE23,股骨手术，伴严重或伴一般合并症或并发症,非基础组,外科组,2.5570,2.4291
I,IE25,股骨手术，不伴并发症或合并症,非基础组,外科组,2.0947,1.8368
I,IE33,除股骨以外的下肢骨手术，伴严重或伴一般合并症或并发症,非基础组,外科组,2.1383,1.5438
I,IE35,除股骨以外的下肢骨手术，不伴并发症或合并症,非基础组,外科组,1.6675,1.1685
I,IE43,小关节手术，伴严重或伴一般合并症或并发症,非基础组,外科组,1.4081,0.739
I,IE45,小关节手术，不伴并发症或合并症,非基础组,外科组,0.9760,0.6047
I,IE53,上肢骨手术，伴严重或伴一般合并症或并发症,非基础组,外科组,1.7740,1.5529
I,IE55,上肢骨手术，不伴并发症或合并症,非基础组,外科组,1.4111,1.1116
I,IE69,手外科手术,非基础组,外科组,0.9594,0.7093
I,IF13,骨科固定装置去除/修正术，伴严重或伴一般合并症或并发症,非基础组,外科组,0.7721,0.5897
I,IF15,骨科固定装置去除/修正术，不伴并发症或合并症,基础组,外科组,0.6233,0.4952
I,IF1A,骨科固定装置去除/修正术，脊柱内固定装置去除术,非基础组,外科组,0.9855,0.7452
I,IG13,周围神经手术，伴严重或伴一般合并症或并发症,非基础组,外科组,1.3119,1.0235
I,IG15,周围神经手术，不伴并发症或合并症,非基础组,外科组,1.0900,0.6232
I,IH11,肌肉、肌腱手术，伴严重合并症或并发症,非基础组,外科组,1.1002,0.9615
I,IH13,肌肉、肌腱手术，伴一般合并症或并发症,非基础组,外科组,0.8005,0.4677
I,IH15,肌肉、肌腱手术，不伴并发症或合并症,基础组,外科组,0.5928,0.4294
I,IJ13,骨骼肌肉系统的其他手术，伴严重或伴一般合并症或并发症,非基础组,外科组,0.9338,0.6357
I,IJ15,骨骼肌肉系统的其他手术，不伴并发症或合并症,基础组,外科组,0.7088,0.5108
I,IR11,骨盆骨折，伴严重合并症或并发症,非基础组,内科组,0.8685,0.759
I,IR13,骨盆骨折，伴一般合并症或并发症,非基础组,内科组,0.6500,0.4000
I,IR15,骨盆骨折，不伴并发症或合并症,非基础组,内科组,0.5369,0.3685
I,IR1Z,骨盆骨折，中医正骨术,非基础组/ 中医优势病组,内科组,1.1359,
I,IR29,股骨骨折,非基础组,内科组,1.3413,0.9294
I,IR2Z,股骨骨折，粗隆间骨折中医正骨术,非基础组/ 中医优势病组,内科组,2.0584,
I,IS13,前臂、腕、手或足损伤，伴严重或伴一般合并症或并发症,非基础组,内科组,0.5037,0.2779
I,IS15,前臂、腕、手或足损伤，不伴并发症或合并症,无极差组,内科组,0.4155,0.2239
I,IS1Z,前臂、腕、手或足损伤，中医正骨术,非基础组/ 中医优势病组,内科组,0.9688,
I,IS23,除前臂、腕、手足外的损伤，伴严重或伴一般合并症或并发症,非基础组,内科组,0.5824,0.3428
I,IS25,除前臂、腕、手足外的损伤，不伴并发症或合并症,基础组,内科组,0.4779,0.2555
I,IS2F,除前臂、腕、手足外的损伤，膝痹中医治疗,非基础组/ 中医优势病组,内科组,0.9399,
I,IS2R,除前臂、腕、手足外的损伤，肱骨干骨折中医正骨术,非基础组/ 中医优势病组,内科组,1.2853,
I,IS2Z,除前臂、腕、手足外的损伤，中医正骨术,非基础组/ 中医优势病组,内科组,1.0648,
I,IT13,骨髓炎，伴严重或伴一般合并症或并发症,非基础组,内科组,0.7842,0.3883
I,IT15,骨髓炎，不伴并发症或合并症,非基础组,内科组,0.7656,0.2843
I,IT23,慢性炎症性肌肉骨骼结缔组织疾病，伴严重或伴一般合并症或并发症,非基础组,内科组,0.8350,0.3391
I,IT25,慢性炎症性肌肉骨骼结缔组织疾病，不伴合并症或并发症,非基础组,内科组,0.5901,0.2429
I,IT2D,慢性炎症性肌肉骨骼结缔组织疾病，川崎病,非基础组,内科组,1.3215,0.195
I,IT33,感染性关节炎，伴严重或伴一般合并症或并发症,非基础组,内科组,0.7069,0.2721
I,IT35,感染性关节炎，不伴并发症或合并症,非基础组,内科组,0.4801,0.2221
I,IU13,骨病及其他关节病，伴严重或伴一般合并症或并发症,非基础组,内科组,0.6392,0.3595
I,IU15,骨病及其他关节病，不伴并发症或合并症,基础组,内科组,0.5140,0.2764
I,IU1F,骨病及其他关节病，骨痹中医治疗,非基础组/中医优势病组,内科组,0.9275,
I,IU23,颈腰背疾病，伴严重或伴一般合并症或并发症,非基础组,内科组,0.6524,0.3961
I,IU25,颈腰背疾病，不伴并发症或合并症,无极差组,内科组,0.5366,0.3171
I,IU2F,颈腰背疾患，项腰痹中医治疗,非基础组/中医优势病组,内科组,0.9258,
I,IU2Z,颈腰背疾患，胸腰椎骨折中医正骨术,非基础组/中医优势病组,内科组,1.0346,
I,IU33,骨骼、肌肉、结缔组织恶性病损、病理性骨折，伴严重或伴一般合并症或并发症,非基础组,内科组,0.7521,0.4981
I,IU35,骨骼、肌肉、结缔组织恶性病损、病理性骨折，不伴并发症或合并症,非基础组,内科组,0.6358,0.3819
I,IV19,除脊柱外先天性骨骼肌肉系统疾病,非基础组,内科组,0.4809,0.3458
I,IZ11,肌肉骨骼系统植入物/假体的康复照护，伴严重合并症或并发症,非基础组,内科组,0.9728,0.5336
I,IZ15,肌肉骨骼系统植入物/假体的康复照护，伴一般或不伴并发症或合并症,非基础组,内科组,0.6279,0.4627
I,IZ23,骨骼、肌肉、肌腱、结缔组织的其他疾病，伴严重或伴一般合并症或并发症,非基础组,内科组,0.5889,0.3276
I,IZ25,骨骼、肌肉、肌腱、结缔组织的其他疾病，不伴并发症或合并症,基础组,内科组,0.4755,0.2579
I,IZ2F,骨骼、肌肉、肌腱、结缔组织的其他疾患，肩痹中医治疗,非基础组/中医优势病组,内科组,0.9534,
J,JA19,乳房恶性肿瘤根治性切除伴乳房重建术,三级无极差组,外科组,5.1946,
J,JA21,乳房恶性肿瘤根治性切除术，伴严重合并症或并发症,非基础组,外科组,2.8979,
J,JA25,乳房恶性肿瘤根治性切除术，伴一般或不伴并发症或合并症,非基础组,外科组,2.3654,1.4184
J,JB19,乳房成形手术,非基础组,外科组,2.5207,
J,JB23,乳腺切除手术，伴严重或伴一般合并症或并发症,非基础组,外科组,2.6003,0.5781
J,JB25,乳腺切除手术，不伴并发症或合并症,非基础组,外科组,1.6470,0.47303
J,JB33,其他乳房手术，伴严重或伴一般合并症或并发症,非基础组,外科组,0.9733,0.4343
J,JB35,其他乳房手术，不伴并发症或合并症,非基础组,外科组,0.7440,0.3553
J,JC19,颜面及其他皮肤、皮下组织成形术,非基础组,外科组,0.4278,0.2535
J,JD11,皮肤移植手术，伴严重合并症或并发症,非基础组,外科组,2.3210,0.9891
J,JD13,皮肤移植手术，伴一般合并症或并发症,非基础组,外科组,1.8980,0.8992
J,JD15,皮肤移植手术，不伴并发症或合并症,非基础组,外科组,1.3490,0.8093
J,JD21,皮肤清创手术，伴严重合并症或并发症,非基础组,外科组,1.7313,0.7363
J,JD23,皮肤清创手术，伴一般合并症或并发症,非基础组,外科组,1.1536,0.6694
J,JD25,皮肤清创手术，不伴合并症或并发症,非基础组,外科组,0.7137,0.6024
J,JJ13,皮肤、皮下组织的其他手术，伴严重或伴一般合并症或并发症,非基础组,外科组,0.7303,0.3872
J,JJ15,皮肤、皮下组织的其他手术，不伴并发症或合并症,基础组,外科组,0.4494,0.2737
J,JJ1A,皮肤、皮下组织的其他手术，主诊皮肤交界性肿瘤和恶性肿瘤的根治术,三级无极差组,外科组,1.1837,0.4058
J,JR13,乳房恶性肿瘤，伴严重或伴一般合并症或并发症,非基础组,内科组,1.7279,0.3456
J,JR15,乳房恶性肿瘤，不伴并发症或合并症,非基础组,内科组,1.1602,0.2791
J,JR23,皮肤、皮下组织的恶性肿瘤，伴严重或伴一般合并症或并发症,非基础组,内科组,1.0281,0.3671
J,JR25,皮肤、皮下组织的恶性肿瘤，不伴并发症或合并症,非基础组,内科组,0.6767,0.3118
J,JS11,重大皮肤疾病，伴严重合并症或并发症,非基础组,内科组,1.0395,0.4001
J,JS13,重大皮肤疾病，伴一般合并症或并发症,非基础组,内科组,0.7796,0.3258
J,JS15,重大皮肤疾病，不伴并发症或合并症,非基础组,内科组,0.4607,0.1938
J,JS23,炎症性皮肤病，伴严重或伴一般合并症或并发症,非基础组,内科组,0.6538,0.212
J,JS25,炎症性皮肤病，不伴并发症或合并症,基础组,内科组,0.4395,0.1493
J,JT13,乳房、皮肤、皮下组织创伤，伴严重或伴一般合并症或并发症,非基础组,内科组,0.5116,0.2468
J,JT15,乳房、皮肤、皮下组织创伤，不伴并发症或合并症,非基础组,内科组,0.4077,0.2070
J,JU11,感染性皮肤病，伴严重合并症或并发症,非基础组,内科组,0.7658,0.2826
J,JU13,感染性皮肤病，伴一般合并症或并发症,非基础组,内科组,0.6178,0.2422
J,JU15,感染性皮肤病，不伴并发症或合并症,基础组,内科组,0.4027,0.1785
J,JV13,皮肤、皮下组织的非恶性增生性病变，伴严重或伴一般合并症或并发症,非基础组,内科组,0.5343,0.2958
J,JV15,皮肤、皮下组织的非恶性增生性病变，不伴并发症或合并症,非基础组,内科组,0.3838,0.2322
J,JV23,乳房良性病变，伴严重或伴一般合并症或并发症,非基础组,内科组,0.6090,0.2146
J,JV25,乳房良性病变，不伴并发症或合并症,非基础组,内科组,0.4619,0.1756
J,JZ13,其他皮肤及乳腺疾病，伴严重或伴一般合并症或并发症,非基础组,内科组,0.4529,0.1863
J,JZ15,其他皮肤及乳腺疾病，不伴并发症或合并症,基础组,内科组,0.3210,0.1524
K,KB19,肾上腺手术,非基础组,外科组,2.5546,1.5227
K,KC19,垂体手术,三级无极差组,外科组,5.2951,
K,KD19,甲状腺、甲状旁腺大手术,非基础组,外科组,2.1472,1.0809
K,KD23,甲状旁腺、甲状舌管及甲状腺其他手术，伴严重或伴一般合并症或并发症,非基础组,外科组,2.0659,0.8285
K,KD25,甲状旁腺、甲状舌管及甲状腺其他手术，不伴并发症或合并症,非基础组,外科组,1.4303,0.7005
K,KE19,减重手术,三级无极差组,外科组,4.5431,
K,KJ11,因内分泌、营养、代谢疾病的其他手术，伴严重合并症或并发症,非基础组,外科组,2.6458,2.0821
K,KJ13,因内分泌、营养、代谢疾病的其他手术，伴一般合并症或并发症,非基础组,外科组,2.0553,1.5165
K,KJ15,因内分泌、营养、代谢疾病的其他手术，不伴并发症或合并症,非基础组,外科组,1.3698,0.7757
K,KR19,内分泌腺体肿瘤,非基础组,内科组,0.7347,0.258
K,KS13,糖尿病，伴严重或伴一般合并症或并发症,非基础组,内科组,0.7479,0.3448
K,KS15,糖尿病，不伴并发症或合并症,基础组,内科组,0.5503,0.2489
K,KT13,内分泌、营养、代谢疾病，伴严重或伴一般合并症或并发症,非基础组,内科组,0.5622,0.346
K,KT15,内分泌、营养、代谢疾病，不伴并发症或合并症,非基础组,内科组,0.4206,0.2558
K,KU11,营养失调，伴严重合并症或并发症,非基础组,内科组,0.9794,0.5891
K,KU13,营养失调，伴一般合并症或并发症,非基础组,内科组,0.6673,0.3397
K,KU15,营养失调，不伴合并症或并发症,非基础组,内科组,0.5823,0.2132
K,KV11,先天性代谢异常，伴严重合并症或并发症,非基础组,内科组,0.9405,0.4341
K,KV13,先天性代谢异常，伴一般合并症或并发症,非基础组,内科组,0.7014,0.246
K,KV15,先天性代谢异常，不伴并发症或合并症,非基础组,内科组,0.5274,0.2172
K,KZ11,其他代谢疾病，伴严重合并症或并发症,非基础组,内科组,0.9440,0.4298
K,KZ13,其他代谢疾病，伴一般合并症或并发症,非基础组,内科组,0.7710,0.308
K,KZ15,其他代谢疾病，不伴并发症或合并症,非基础组,内科组,0.5340,0.2491
L,LA19,肾脏肿瘤手术,非基础组,外科组,3.7701,2.3051
L,LA23,膀胱肿瘤手术，伴严重或伴一般合并症或并发症,非基础组,外科组,5.7091,
L,LA25,膀胱肿瘤手术，不伴并发症或合并症,非基础组,外科组,4.8320,0.9643
L,LA2C,膀胱肿瘤手术，经尿道手术,无极差组,外科组,1.5754,
L,LB11,肾脏结石手术，伴严重合并症或并发症,非基础组,外科组,2.6166,1.5452
L,LB15,肾脏结石手术，伴一般或不伴并发症或合并症,非基础组,外科组,2.0920,1.3729
L,LB21,肾脏其他手术，伴严重合并症或并发症,非基础组,外科组,2.2771,1.5798
L,LB25,肾脏其他手术，伴一般或不伴并发症或合并症,非基础组,外科组,1.8060,1.012
L,LC19,输尿管手术,非基础组,外科组,1.4674,0.974
L,LC1C,输尿管手术，经尿道输尿管支架置入术,非基础组,外科组,0.9883,
L,LD13,膀胱其他手术，伴严重或伴一般合并症或并发症,非基础组,外科组,1.2108,0.7988
L,LD15,膀胱其他手术，不伴并发症或合并症,非基础组,外科组,0.9663,0.7264
L,LE19,尿道手术,非基础组,外科组,0.9438,0.4466
L,LE1A,尿道手术，成形术,非基础组,外科组,1.8322,0.8658
L,LF11,肾透析相关手术，伴严重或伴一般合并症或并发症,非基础组,外科组,1.6106,1.5301
L,LF15,肾透析相关手术，不伴并发症或合并症,非基础组,外科组,1.2472,1.1848
L,LJ11,泌尿系统其他手术，伴严重合并症或并发症,非基础组,外科组,0.9006,0.3888
L,LJ13,泌尿系统其他手术，伴一般合并症或并发症,非基础组,外科组,0.4884,0.3534
L,LJ15,泌尿系统其他手术，不伴并发症或合并症,非基础组,外科组,0.3906,0.3181
L,LL11,肾透析，伴严重合并症或并发症,非基础组,非手术室操作组,1.3377,1.1141
L,LL13,肾透析，伴一般合并症或并发症,非基础组,非手术室操作组,1.0221,0.7268
L,LL15,肾透析，不伴并发症或合并症,非基础组,非手术室操作组,0.8097,0.6696
L,LR11,肾功能不全，伴严重或伴一般合并症或并发症,非基础组,内科组,0.9659,0.5111
L,LR15,肾功能不全，不伴并发症或合并症,基础组,内科组,0.7372,0.298
L,LS11,肾炎及肾病，伴严重或伴一般合并症或并发症,非基础组,内科组,0.9432,0.3574
L,LS15,肾炎及肾病，不伴并发症或合并症,非基础组,内科组,0.7529,0.2511
L,LT11,肾及尿路肿瘤，伴严重合并症或并发症,非基础组,内科组,1.2513,0.438
L,LT13,肾及尿路肿瘤，伴一般合并症或并发症,非基础组,内科组,0.9609,0.3314
L,LT15,肾及尿路肿瘤，不伴并发症或合并症,非基础组,内科组,0.7876,0.2644
L,LU11,肾及尿路感染，伴严重合并症或并发症,非基础组,内科组,0.7264,0.2981
L,LU13,肾及尿路感染，伴一般合并症或并发症,非基础组,内科组,0.5547,0.252
L,LU15,肾及尿路感染，不伴并发症或合并症,基础组,内科组,0.3886,0.1858
L,LV11,代谢性肾病，伴严重合并症或并发症,非基础组,内科组,0.9527,0.6221
L,LV15,代谢性肾病，伴一般或不伴并发症或合并症,非基础组,内科组,0.7383,0.2662
L,LW13,肾、尿路体征及症状，伴严重或伴一般合并症或并发症,非基础组,内科组,0.5515,0.2725
L,LW15,肾、尿路体征及症状，不伴并发症或合并症,非基础组,内科组,0.4325,0.2226
L,LX13,尿路结石、阻塞及尿道狭窄，伴严重或伴一般合并症或并发症,非基础组,内科组,0.5824,0.2749
L,LX15,尿路结石、阻塞及尿道狭窄，不伴并发症或合并症,无极差组,内科组,0.4741,0.2053
L,LZ11,肾及泌尿系统其他疾病，伴严重合并症或并发症,非基础组,内科组,0.7931,0.317
L,LZ13,肾及泌尿系统其他疾病，伴一般合并症或并发症,非基础组,内科组,0.6364,0.2743
L,LZ15,肾及泌尿系统其他疾病，不伴并发症或合并症,非基础组,内科组,0.5212,0.1808
M,MA13,男性生殖器官恶性肿瘤手术，伴严重或伴一般合并症或并发症,非基础组,外科组,2.0117,
M,MA15,男性生殖器官恶性肿瘤手术，不伴并发症或合并症,非基础组,外科组,1.5610,0.7132
M,MA1A,男性生殖器官恶性肿瘤手术，前列腺癌根治术,非基础组,外科组,5.9049,
M,MB19,前列腺手术,非基础组,外科组,1.7090,1.129
M,MC19,阴茎手术,非基础组,外科组,0.7744,0.3606
M,MD13,睾丸手术，伴严重或伴一般合并症或并发症,非基础组,外科组,0.8945,0.5855
M,MD15,睾丸手术，不伴并发症或合并症,基础组,外科组,0.6800,0.4976
M,MJ19,其他男性生殖系统手术,非基础组,外科组,0.3358,0.289
M,MR13,男性生殖系统恶性肿瘤，伴严重或伴一般合并症或并发症,非基础组,内科组,1.1928,0.3614
M,MR15,男性生殖系统恶性肿瘤，不伴并发症或合并症,无极差组,内科组,0.8437,0.264
M,MS13,男性生殖系统炎症，伴严重或伴一般合并症或并发症,非基础组,内科组,0.5523,0.2456
M,MS15,男性生殖系统炎症，不伴并发症或合并症,非基础组,内科组,0.4125,0.2028
M,MZ13,其他男性生殖系统疾病，伴严重或伴一般合并症或并发症,非基础组,内科组,0.6288,0.2815
M,MZ15,其他男性生殖系统疾病，不伴并发症或合并症,基础组,内科组,0.5314,0.2205
N,NA13,女性生殖器官恶性肿瘤的广泛切除手术，伴严重或伴一般合并症或并发症,非基础组,外科组,3.8318,3.6402
N,NA15,女性生殖器官恶性肿瘤的广泛切除手术，不伴并发症或合并症,非基础组,外科组,3.0111,1.8012
N,NA1A,女性生殖器官恶性肿瘤的广泛切除手术，联合手术,三级无极差组,外科组,5.5778,
N,NA23,女性生殖器官恶性肿瘤除广泛切除术以外的手术，伴严重或伴一般合并症或并发症,非基础组,外科组,2.7954,1.7201
N,NA25,女性生殖器官恶性肿瘤除广泛切除术以外的手术，不伴并发症或合并症,非基础组,外科组,2.1141,1.246
N,NB13,女性生殖系统重建手术，伴严重或伴一般合并症或并发症,非基础组,外科组,1.6889,0.9154
N,NB15,女性生殖系统重建手术，不伴并发症或合并症,非基础组,外科组,1.4542,0.7725
N,NC19,子宫（除子宫腔内病变以外）手术,非基础组,外科组,1.7273,1.0042
N,ND19,附件手术,非基础组,外科组,1.3737,0.9941
N,NE13,子宫腔内病变手术，伴严重或伴一般合并症或并发症,非基础组,外科组,0.7082,0.5766
N,NE15,子宫腔内病变手术，不伴并发症或合并症,基础组,外科组,0.5832,0.4557
N,NF11,外阴、阴道、宫颈手术，伴严重合并症或并发症,非基础组,外科组,0.6524,0.4784
N,NF13,外阴、阴道、宫颈手术，伴一般合并症或并发症,非基础组,外科组,0.5302,0.4468
N,NF15,外阴、阴道、宫颈手术，不伴并发症或合并症,基础组,外科组,0.4354,0.3789
N,NG19,辅助生殖技术,无权重组,外科组,,
N,NJ13,女性生殖系统其他手术，伴严重或伴一般合并症或并发症,非基础组,外科组,2.0767,1.4181
N,NJ15,女性生殖系统其他手术，不伴并发症或合并症,非基础组,外科组,1.2178,1.0693
N,NR11,女性生殖系统恶性肿瘤，伴严重合并症或并发症,非基础组,内科组,1.2674,0.3986
N,NR13,女性生殖系统恶性肿瘤，伴一般合并症或并发症,非基础组,内科组,0.9093,0.3536
N,NR15,女性生殖系统恶性肿瘤，不伴并发症或合并症,非基础组,内科组,0.6477,0.2561
N,NS13,女性生殖系统感染，伴严重或伴一般合并症或并发症,非基础组,内科组,0.5508,0.2708
N,NS15,女性生殖系统感染，不伴并发症或合并症,基础组,内科组,0.3777,0.2288
N,NS1G,女性生殖系统感染，轻症治疗,非基础组,内科组,0.4390,0.194
N,NZ13,女性生殖系统其他疾病，伴严重或伴一般合并症或并发症,非基础组,内科组,0.5436,0.3861
N,NZ15,女性生殖系统其他疾病，不伴并发症或合并症,基础组,内科组,0.4296,0.2544
O,OB19,剖宫产术,基础组,外科组,0.8542,0.5294
O,OC11,阴道助产手术，伴严重或一般合并症或并发症,非基础组,外科组,0.9275,
O,OC15,阴道助产手术，不伴合并症或并发症,非基础组,外科组,0.6183,0.4568
O,OC29,阴道分娩伴手术操作,基础组,外科组,0.6238,0.3899
O,OD13,与妊娠相关的子宫及附件手术，伴严重或伴一般合并症或并发症,非基础组,外科组,1.9717,0.8743
O,OD15,与妊娠相关的子宫及附件手术，不伴并发症或合并症,非基础组,外科组,1.0623,0.7747
O,OD29,与妊娠相关的的外阴、阴道及宫颈手术,非基础组,外科组,0.4983,0.1919
O,OE11,异位妊娠手术，伴严重或伴一般合并症或并发症,非基础组,外科组,1.2267,1.008
O,OE15,异位妊娠手术，不伴并发症或合并症,基础组,外科组,0.8798,0.7218
O,OF19,中期引产手术操作,非基础组,外科组,0.4255,0.3479
O,OF29,早期流产手术操作,基础组,外科组,0.3012,0.2861
O,OJ13,与妊娠、分娩相关的其他手术操作，伴严重或伴一般合并症或并发症,非基础组,外科组,0.5032,0.478
O,OJ15,与妊娠、分娩相关的其他手术操作，不伴并发症或合并症,非基础组,外科组,0.4207,0.3536
O,OR19,阴道分娩,基础组,内科组,0.6098,0.4437
O,OS13,产褥期相关疾病，伴严重或伴一般合并症或并发症,非基础组,内科组,0.4954,0.2547
O,OS15,产褥期相关疾病，不伴并发症或合并症,非基础组,内科组,0.3067,0.1361
O,OS29,流产相关疾病,非基础组,内科组,0.3122,0.2172
O,OT19,异位妊娠,非基础组,内科组,0.3704,0.3519
O,OZ11,妊娠期相关疾病，伴严重或伴一般合并症或并发症,非基础组,内科组,0.4784,0.3134
O,OZ15,妊娠期相关疾病，不伴并发症或合并症,基础组,内科组,0.2850,0.2707
P,PB11,新生儿（出生年龄＜29天）心血管手术，伴严重合并症或并发症,非基础组,外科组,2.0787,
P,PB13,新生儿（出生年龄＜29天）心血管手术，伴一般合并症或并发症,非基础组,外科组,1.1682,
P,PB15,新生儿（出生年龄＜29天）心血管手术，不伴并发症或合并症,无极差组,外科组,0.8400,
P,PC13,新生儿（出生年龄＜29天）除心血管外复杂手术，伴严重或伴一般合并症或并发症,非基础组,外科组,3.7534,1.2311
P,PC15,新生儿（出生年龄＜29天）除心血管外复杂手术，不伴并发症或合并症,非基础组,外科组,2.4149,1.0381
P,PD11,新生儿（出生年龄＜29天）腹部手术，伴严重合并症或并发症,非基础组,外科组,3.8394,1.1508
P,PD13,新生儿（出生年龄＜29天）腹部手术，伴一般合并症或并发症,非基础组,外科组,1.7862,0.9584
P,PD15,新生儿（出生年龄＜29天）腹部手术，不伴并发症或合并症,非基础组,外科组,1.1516,0.7604
P,PJ19,新生儿（出生年龄＜29天）其他手术,非基础组,外科组,0.9297,0.8832
P,PK11,新生儿伴呼吸机支持，伴严重合并症或并发症,非基础组,非手术室操作组,2.0452,1.4076
P,PK13,新生儿伴呼吸机支持，伴一般合并症或并发症,非基础组,非手术室操作组,1.6298,1.2173
P,PK15,新生儿伴呼吸机支持，不伴并发症或合并症,非基础组,非手术室操作组,1.2848,1.0956
P,PR11,新生儿呼吸窘迫综合征，伴严重合并症或并发症,非基础组,内科组,2.0868,
P,PR13,新生儿呼吸窘迫综合征，伴一般合并症或并发症,非基础组,内科组,1.0505,
P,PR15,新生儿呼吸窘迫综合征，不伴并发症或合并症,非基础组,内科组,0.7862,
P,PS19,极度发育不全（出生体重＜1500g）,非基础组,内科组,5.5482,
P,PS21,早产儿（出生体重1500-1999g），伴严重合并症或并发症,非基础组,内科组,2.0715,
P,PS25,早产儿（出生体重1500-1999g），伴一般或不伴并发症或合并症,非基础组,内科组,1.2703,
P,PS31,早产儿（出生体重2000-2499g），伴严重合并症或并发症,非基础组,内科组,1.1535,
P,PS33,早产儿（出生体重2000-2499g），伴一般合并症或并发症,非基础组,内科组,0.9499,
P,PS35,早产儿（出生体重2000-2499g），不伴并发症或合并症,非基础组,内科组,0.7702,
P,PS43,早产儿（出生体重>2499g），伴严重或伴一般合并症或并发症,非基础组,内科组,0.8646,
P,PS45,早产儿（出生体重>2499g），不伴并发症或合并症,非基础组,内科组,0.6193,
P,PU13,足月儿相关疾病，伴严重或伴一般合并症或并发症,非基础组,内科组,0.6960,0.3303
P,PU15,足月儿相关疾病，不伴并发症或合并症,基础组,内科组,0.5085,0.2558
P,PV11,源于新生儿(29天≤出生年龄＜1周岁)诊断的婴儿疾病，伴严重合并症或并发症,非基础组,内科组,0.7740,
P,PV15,源于新生儿(29天≤出生年龄＜1周岁)诊断的婴儿疾病，伴一般或不伴并发症或合并症,非基础组,内科组,0.5787,
Q,QB19,脾切除术,非基础组,外科组,4.2197,2.5112
Q,QJ13,非特指部位、组织、器官的良性肿瘤手术，伴严重或伴一般合并症或并发症,非基础组,外科组,2.1077,0.6800
Q,QJ15,非特指部位、组织、器官的良性肿瘤手术，不伴并发症或合并症,非基础组,外科组,0.9023,0.3999
Q,QR19,移植物抗宿主病,三级无极差组,内科组,1.9384,
Q,QR21,网状内皮及免疫性疾病，伴严重合并症或并发症,非基础组,内科组,1.1995,0.271
Q,QR23,网状内皮及免疫性疾病，伴一般合并症或并发症,非基础组,内科组,0.7539,0.2576
Q,QR25,网状内皮及免疫性疾病，不伴合并症或并发症,非基础组,内科组,0.4411,0.1721
Q,QS13,红细胞病及营养性贫血，伴严重或伴一般合并症或并发症,非基础组,内科组,0.7446,0.3422
Q,QS15,红细胞病及营养性贫血，不伴并发症或合并症,非基础组,内科组,0.5931,0.2517
Q,QS21,溶血性贫血，伴严重合并症或并发症,非基础组,内科组,1.2858,0.3539
Q,QS23,溶血性贫血，伴一般合并症或并发症,非基础组,内科组,0.6797,0.3218
Q,QS25,溶血性贫血，不伴并发症或合并症,非基础组,内科组,0.3772,0.2896
Q,QS33,重型再生障碍性贫血，伴严重或伴一般合并症或并发症,非基础组,内科组,1.6120,0.3980
Q,QS35,重型再生障碍性贫血，不伴合并症或并发症,非基础组,内科组,0.9549,0.3257
Q,QS41,其他再生障碍性贫血，伴严重合并症或并发症,非基础组,内科组,1.2044,0.4606
Q,QS43,其他再生障碍性贫血，伴一般合并症或并发症,非基础组,内科组,0.8379,0.3541
Q,QS45,其他再生障碍性贫血，不伴合并症或并发症,非基础组,内科组,0.6680,0.2992
Q,QS51,其他贫血，伴严重合并症或并发症,非基础组,内科组,0.8374,0.4452
Q,QS53,其他贫血，伴一般合并症或并发症,非基础组,内科组,0.6974,0.3682
Q,QS55,其他贫血，不伴合并症或并发症,非基础组,内科组,0.6023,0.3147
Q,QT11,血栓与止血，伴严重合并症或并发症,非基础组,内科组,1.3187,0.3352
Q,QT13,血栓与止血，伴一般合并症或并发症,非基础组,内科组,1.0069,0.328
Q,QT15,血栓与止血，不伴合并症或并发症,非基础组,内科组,0.5022,0.2089
R,RA13,淋巴瘤、白血病等伴重大手术，伴严重或伴一般合并症或并发症,非基础组,外科组,4.5315,1.2842
R,RA15,淋巴瘤、白血病等伴重大手术，不伴合并症或并发症,非基础组,外科组,3.5760,1.05072
R,RA23,淋巴瘤、白血病等伴其他手术，伴严重或伴一般合并症或并发症,非基础组,外科组,2.3312,2.2146
R,RA25,淋巴瘤、白血病等伴其他手术，不伴并发症或合并症,非基础组,外科组,1.6215,0.5415
R,RA39,骨髓增生性疾病或恶性增生性疾病等伴重大手术,非基础组,外科组,3.7566,0.7371
R,RA49,骨髓增生性疾病或恶性增生性疾病等伴其他手术,非基础组,外科组,2.6379,
R,RK11,急性白血病化学治疗和/或其他治疗，伴严重合并症或并发症,三级无极差组,非手术室操作组,6.8905,
R,RK15,急性白血病化学治疗和/或其他治疗，伴一般或不伴合并症或并发症,三级无极差组,非手术室操作组,4.7179,
R,RK21,淋巴瘤、多发骨髓瘤化学治疗和/或其他治疗，伴严重合并症或并发症,三级无极差组,非手术室操作组,3.1921,
R,RK23,淋巴瘤、多发骨髓瘤化学治疗和/或其他治疗，伴一般合并症或并发症,三级无极差组,非手术室操作组,2.3704,
R,RK25,淋巴瘤、多发骨髓瘤化学治疗和/或其他治疗，不伴并发症或合并症,三级无极差组,非手术室操作组,1.7099,
R,RK2B,淋巴瘤、多发骨髓瘤化学治疗和/或其他治疗，化学治疗和免疫治疗（或靶向治疗）联合治疗,三级无极差组,非手术室操作组,2.6110,
R,RL11,恶性及增生性疾病放射治疗（体外照射），伴严重合并症或并发症,非基础组,非手术室操作组,5.1645,
R,RL15,恶性及增生性疾病放射治疗（体外照射），伴一般或不伴并发症或合并症,无极差组,非手术室操作组,3.8578,
R,RL1A,恶性及增生性疾病放射治疗（体外照射），特殊放射治疗,三级无极差组,非手术室操作组,5.6569,
R,RL1B,恶性及增生性疾病放射治疗（体外照射），放射治疗和免疫治疗（或靶向治疗或化学治疗）联合治疗,无极差组,非手术室操作组,5.2513,
R,RL21,恶性及增生性疾病放射治疗（近距离照射），伴严重合并症或并发症,非基础组,非手术室操作组,4.1266,
R,RL23,恶性及增生性疾病放射治疗（近距离照射），伴一般合并症或并发症,三级无极差组,非手术室操作组,3.0794,
R,RL25,恶性及增生性疾病放射治疗（近距离照射），不伴合并症或并发症,三级无极差组,非手术室操作组,1.5975,
R,RM11,恶性及增生性疾病的介入、消融治疗，伴严重合并症或并发症,非基础组,非手术室操作组,3.3700,
R,RM15,恶性及增生性疾病的介入、消融治疗，伴一般或不伴并发症或合并症,非基础组,非手术室操作组,2.6864,
R,RN11,恶性及增生性疾病的化学治疗和/或其他治疗，伴严重合并症或并发症,非基础组,非手术室操作组,0.9957,0.4799
R,RN13,恶性及增生性疾病的化学治疗和/或其他治疗，伴一般合并症或并发症,非基础组,非手术室操作组,0.7185,0.4363
R,RN15,恶性及增生性疾病的化学治疗和/或其他治疗，不伴并发症或合并症,非基础组,非手术室操作组,0.4810,0.3926
R,RN1A,恶性及增生性疾病的化学治疗和/或其他治疗，化学治疗、免疫治疗和靶向治疗联合治疗,非基础组,非手术室操作组,1.5751,
R,RN1B,恶性及增生性疾病的化学治疗和/或其他治疗，化学治疗和免疫治疗联合治疗,非基础组,非手术室操作组,0.8095,0.769
R,RN1C,恶性及增生性疾病的化学治疗和/或其他治疗，化学治疗和靶向治疗联合治疗,非基础组,非手术室操作组,1.3535,
R,RN21,恶性及增生性疾病的靶向、免疫治疗，伴严重合并症或并发症,非基础组,非手术室操作组,1.3851,0.7501
R,RN23,恶性及增生性疾病的靶向、免疫治疗，伴一般合并症或并发症,非基础组,非手术室操作组,1.0979,0.6137
R,RN25,恶性及增生性疾病的靶向、免疫治疗，不伴并发症或合并症,非基础组,非手术室操作组,0.9235,
R,RN2A,恶性及增生性疾病的靶向、免疫治疗，抗肿瘤基因治疗（或免疫治疗）和靶向治疗联合治疗,非基础组,非手术室操作组,1.3643,
R,RP11,恶性及增生性疾病的终末期治疗，伴严重合并症或并发症,非基础组,非手术室操作组,1.6307,
R,RP15,恶性及增生性疾病的终末期治疗，伴一般或不伴并发症或合并症,非基础组,非手术室操作组,1.1520,
R,RR11,急性白血病，伴严重合并症或并发症,非基础组,内科组,3.1953,0.6379
R,RR13,急性白血病，伴一般合并症或并发症,非基础组,内科组,2.3199,0.4350
R,RR15,急性白血病，不伴并发症或合并症,非基础组,内科组,1.0150,0.3915
R,RS11,淋巴瘤及其他类型白血病，伴严重合并症或并发症,非基础组,内科组,1.8294,0.5448
R,RS13,淋巴瘤及其他类型白血病，伴一般合并症或并发症,非基础组,内科组,1.5467,0.3473
R,RS15,淋巴瘤及其他类型白血病，不伴并发症或合并症,非基础组,内科组,1.0191,0.3144
R,RS23,浆细胞病，伴严重或伴一般合并症或并发症,非基础组,内科组,1.7237,0.4756
R,RS25,浆细胞病，不伴合并症或并发症,非基础组,内科组,1.1555,0.3026
R,RT11,非特指恶性肿瘤，伴严重合并症或并发症,非基础组,内科组,1.5617,0.4705
R,RT13,非特指恶性肿瘤，伴一般合并症或并发症,非基础组,内科组,1.1748,0.3737
R,RT15,非特指恶性肿瘤，不伴合并症或并发症,非基础组,内科组,0.7542,0.2698
R,RT29,非特指良性肿瘤,无极差组,内科组,0.4206,0.2838
R,RU11,恶性及增生性疾病的其他治疗，伴严重合并症或并发症,非基础组,内科组,1.1578,0.45315
R,RU13,恶性及增生性疾病的其他治疗，伴一般合并症或并发症,非基础组,内科组,0.9064,0.4119
R,RU15,恶性及增生性疾病的其他治疗，不伴并发症或合并症,非基础组,内科组,0.6954,0.3707
R,RW11,恶性及增生性疾病治疗后的随诊检查，伴严重合并症或并发症,非基础组,内科组,0.7261,0.377
R,RW13,恶性及增生性疾病治疗后的随诊检查，伴一般合并症或并发症,非基础组,内科组,0.5512,0.3548
R,RW15,恶性及增生性疾病治疗后的随诊检查，不伴并发症或合并症,非基础组,内科组,0.5190,0.2968
R,RW21,恶性及增生性疾病维持性治疗，伴严重合并症或并发症,非基础组,内科组,1.0684,0.7362
R,RW23,恶性及增生性疾病维持性治疗，伴一般合并症或并发症,非基础组,内科组,0.7187,0.4916
R,RW25,恶性及增生性疾病维持性治疗，不伴并发症或合并症,非基础组,内科组,0.5768,0.3649
S,SB11,全身性感染疾病的手术，伴严重合并症或并发症,非基础组,外科组,3.5784,1.9164
S,SB13,全身性感染疾病的手术，伴一般合并症或并发症,非基础组,外科组,1.6713,0.8244
S,SB15,全身性感染疾病的手术，不伴合并症或并发症,非基础组,外科组,1.0458,0.4734
S,SR11,败血症，伴严重合并症或并发症,非基础组,内科组,1.9794,1.0879
S,SR13,败血症，伴一般合并症或并发症,非基础组,内科组,1.0909,0.6567
S,SR15,败血症，不伴合并症或并发症,非基础组,内科组,0.5002,0.4752
S,SS11,手术后及创伤后感染，伴严重合并症或并发症,非基础组,内科组,1.0777,0.2427
S,SS13,手术后及创伤后感染，伴一般合并症或并发症,非基础组,内科组,0.6013,0.2336
S,SS15,手术后及创伤后感染，不伴并发症或合并症,非基础组,内科组,0.4384,0.1932
S,ST11,原因不明的发热，伴严重合并症或并发症,非基础组,内科组,0.8510,0.3895
S,ST13,原因不明的发热，伴一般合并症或并发症,非基础组,内科组,0.6961,0.2614
S,ST15,原因不明的发热，不伴并发症或合并症,非基础组,内科组,0.4879,0.1654
S,SU13,病毒性疾病，伴严重或伴一般合并症或并发症,非基础组,内科组,0.4173,0.2241
S,SU15,病毒性疾病，不伴并发症或合并症,基础组,内科组,0.2677,0.1507
S,SV11,细菌性疾病，伴严重合并症或并发症,非基础组,内科组,1.2567,0.4225
S,SV13,细菌性疾病，伴一般合并症或并发症,非基础组,内科组,0.7802,0.292
S,SV15,细菌性疾病，不伴合并症或并发症,非基础组,内科组,0.4035,0.1457
S,SZ13,其他感染性或寄生虫性疾病，伴严重或伴一般合并症或并发症,非基础组,内科组,0.6941,0.2707
S,SZ15,其他感染性或寄生虫性疾病，不伴并发症或合并症,非基础组,内科组,0.4009,0.1857
T,TB13,精神病患者的手术，伴严重或伴一般合并症或并发症,非基础组,外科组,1.0773,0.9304
T,TB15,精神病患者的手术，不伴并发症或合并症,非基础组,外科组,0.8077,0.7673
T,TR19,精神分裂症,无极差组,内科组,0.6513,0.3957
T,TR1A,精神分裂症，伴电休克治疗,三级无极差组,内科组,1.7810,
T,TR29,偏执及急性精神病,非基础组,内科组,0.8902,0.335
T,TS19,心境障碍,非基础组,内科组,0.8311,0.4532
T,TS1A,心境障碍，伴电休克治疗,三级无极差组,内科组,1.6373,
T,TS23,神经症及相关障碍，伴严重或伴一般合并症或并发症,非基础组,内科组,0.5890,0.3007
T,TS25,神经症及相关障碍，不伴并发症或合并症,非基础组,内科组,0.4839,0.2358
T,TT11,进食及睡眠障碍，伴严重合并症或并发症,非基础组,内科组,0.8421,0.4513
T,TT15,进食及睡眠障碍，伴一般或不伴并发症或合并症,非基础组,内科组,0.7065,0.2942
T,TT29,人格障碍,非基础组,内科组,0.5389,0.26
T,TU19,儿童期精神发育障碍,非基础组,内科组,0.7374,0.5271
T,TU1A,儿童期精神发育障碍，伴电休克治疗,三级无极差组,内科组,1.6855,
T,TV19,焦虑障碍,非基础组,内科组,0.6191,0.3103
T,TW13,器质性及症状性精神障碍，伴严重或伴一般合并症或并发症,非基础组,内科组,0.7780,0.3676
T,TW15,器质性及症状性精神障碍，不伴并发症或合并症,非基础组,内科组,0.5798,0.2644
T,TX19,性心理及性功能障碍,非基础组,内科组,0.7412,
T,TY19,强迫及相关障碍,非基础组,内科组,0.9977,0.0801
U,UR11,酒精中毒及戒除，伴严重合并症或并发症,非基础组,内科组,0.8513,0.3121
U,UR15,酒精中毒及戒除，伴一般或不伴并发症或合并症,非基础组,内科组,0.6021,0.2558
U,US19,兴奋剂滥用与依赖,非基础组,内科组,0.4605,0.429
V,VB13,损伤的皮肤移植，伴严重或伴一般合并症或并发症,非基础组,外科组,1.3542,0.5925
V,VB15,损伤的皮肤移植，不伴合并症或并发症,非基础组,外科组,0.8844,0.4923
V,VC13,与损伤有关的清创术，伴严重或伴一般合并症或并发症,非基础组,外科组,0.9313,0.6567
V,VC15,与损伤有关的清创术，不伴并发症或合并症,非基础组,外科组,0.6065,0.32
V,VJ11,其他损伤的手术，伴严重合并症或并发症,非基础组,外科组,2.6372,0.5306
V,VJ13,其他损伤的手术，伴一般合并症或并发症,非基础组,外科组,1.1827,0.4824
V,VJ15,其他损伤的手术，不伴合并症或并发症,非基础组,外科组,0.8083,0.4341
V,VR11,损伤，伴严重合并症或并发症,非基础组,内科组,0.8647,0.2344
V,VR13,损伤，伴一般合并症或并发症,非基础组,内科组,0.5909,0.2131
V,VR15,损伤，不伴并发症或合并症,非基础组,内科组,0.4797,0.1918
V,VS11,过敏反应，伴严重合并症或并发症,非基础组,内科组,0.6148,0.2916
V,VS13,过敏反应，伴一般合并症或并发症,非基础组,内科组,0.4685,0.2691
V,VS15,过敏反应，不伴并发症或合并症,无极差组,内科组,0.3907,0.2288
V,VS21,药物中毒或毒性反应，伴严重合并症或并发症,非基础组,内科组,0.7545,0.2312
V,VS23,药物中毒或毒性反应，伴一般合并症或并发症,非基础组,内科组,0.4872,0.214
V,VS25,药物中毒或毒性反应，不伴并发症或合并症,非基础组,内科组,0.4094,0.1573
V,VT13,医疗后遗症，伴严重或伴一般合并症或并发症,非基础组,内科组,0.6073,0.3037
V,VT15,医疗后遗症，不伴并发症或合并症,非基础组,内科组,0.3571,0.1894
V,VZ11,其他损伤、中毒及毒性反应疾病，伴严重合并症或并发症,非基础组,内科组,0.8638,0.3411
V,VZ13,其他损伤、中毒及毒性反应疾病，伴一般合并症或并发症,非基础组,内科组,0.4981,0.202
V,VZ15,其他损伤、中毒及毒性反应疾病，不伴并发症或合并症,非基础组,内科组,0.3686,0.1819
W,WB19,烧伤面积≥50%，或三度面积≥20%的烧伤，伴有手术操作,非基础组,外科组,7.9458,
W,WB29,烧伤面积≥30%，＜50%，或三度面积≥10%，＜20%的烧伤，伴有手术操作,非基础组,外科组,4.2425,
W,WB39,烧伤面积＜30%或其他烧伤，伴有手术操作,非基础组,外科组,1.5902,0.4651
W,WJ19,烧伤相关其他手术,非基础组,外科组,1.1535,0.96
W,WR19,烧伤面积≥30%的烧伤,非基础组,内科组,3.2942,0.8222
W,WR23,烧伤面积＜30%的烧伤或其他烧伤，伴严重或伴一般合并症或并发症,非基础组,内科组,0.6312,0.3704
W,WR25,烧伤面积＜30%的烧伤或其他烧伤，不伴并发症或合并症,非基础组,内科组,0.4681,0.2129
X,XJ13,其他接触健康服务的诊断伴手术操作，伴严重或伴一般合并症或并发症,无极差组,外科组,1.8421,1.4337
X,XJ15,其他接触健康服务的诊断伴手术操作，不伴并发症或合并症,非基础组,外科组,1.4927,0.5133
X,XR19,精神心理康复,无极差组,内科组,0.8262,0.3127
X,XR21,神经、骨骼及肌肉康复，伴严重合并症或并发症,非基础组,内科组,1.5916,0.3855
X,XR23,神经、骨骼及肌肉康复，伴一般合并症或并发症,非基础组,内科组,1.1633,0.3495
X,XR25,神经、骨骼及肌肉康复，不伴合并症或并发症,非基础组,内科组,0.9230,0.3101
X,XR31,功能障碍康复，伴严重合并症或并发症,非基础组,内科组,1.1415,0.4034
X,XR35,功能障碍康复，伴一般或不伴合并症或并发症,无极差组,内科组,0.8490,0.3768
X,XS13,体征及症状，伴严重或伴一般合并症或并发症,非基础组,内科组,0.6881,0.3216
X,XS15,体征及症状，不伴并发症或合并症,非基础组,内科组,0.4847,0.2422
X,XS21,随访（不含恶性肿瘤诊断)，伴严重合并症或并发症,非基础组,内科组,0.7281,0.2757
X,XS25,随访（不含恶性肿瘤诊断)，伴一般或不伴合并症或并发症,非基础组,内科组,0.5778,0.1536
X,XT13,其他后期照护，伴严重或伴一般合并症或并发症,非基础组,内科组,0.9682,0.3089
X,XT15,其他后期照护，不伴并发症或合并症,非基础组,内科组,0.2566,0.211
X,XT29,非特指的先天畸形,三级无极差组,内科组,0.7291,0.3433
X,XT33,其他影响健康状态的因素，伴严重或伴一般合并症或并发症,非基础组,内科组,1.0089,0.3085
X,XT35,其他影响健康状态的因素，不伴并发症或合并症,非基础组,内科组,0.5154,0.2036
X,XT3A,其他影响健康状态的因素，干细胞采集,三级无极差组,内科组,2.9611,
Y,YC11,HIV相关疾病的手术，伴严重合并症或并发症,非基础组,外科组,2.2319,0.8979
Y,YC13,HIV相关疾病的手术，伴一般合并症或并发症,非基础组,外科组,1.6297,0.8163
Y,YC15,HIV相关疾病的手术，不伴合并症或并发症,非基础组,外科组,1.2253,0.7334
Y,YR11,HIV相关疾病，伴严重合并症或并发症,非基础组,内科组,1.5245,0.4497
Y,YR13,HIV相关疾病，伴一般合并症或并发症,非基础组,内科组,1.2279,0.4088
Y,YR15,HIV相关疾病，不伴合并症或并发症,非基础组,内科组,0.9037,0.3673
Y,YR1A,HIV相关疾病，伴严重合并症或并发症，多发性感染,非基础组,内科组,2.9940,
Y,YR21,HIV其他相关情况，伴严重合并症或并发症,非基础组,内科组,1.0165,0.4146
Y,YR23,HIV其他相关情况，伴一般合并症或并发症,非基础组,内科组,0.7736,0.3769
Y,YR25,HIV其他相关情况，不伴并发症或合并症,非基础组,内科组,0.5830,0.3392
Z,ZB19,多发性严重创伤开颅术,非基础组,外科组,6.5675,2.196
Z,ZC11,多发性严重创伤的脊柱、髋、股或肢体手术，伴严重合并症或并发症,非基础组,外科组,3.6137,2.6425
Z,ZC15,多发性严重创伤的脊柱、髋、股或肢体手术，伴一般或不伴并发症或合并症,非基础组,外科组,2.6751,2.1841
Z,ZC1A,多发性严重创伤的脊柱、髋、股或肢体手术，联合手术,非基础组,外科组,4.8807,4.3424
Z,ZD19,严重复合伤的腹部手术,非基础组,外科组,3.4753,1.3849
Z,ZD1A,严重复合伤的腹部手术，联合手术,非基础组,外科组,5.3264,3.6911
Z,ZJ11,与多发伤有关的其他手术操作，伴严重合并症或并发症,非基础组,外科组,3.8298,2.5486
Z,ZJ15,与多发伤有关的其他手术操作，伴一般或不伴并发症或合并症,非基础组,外科组,2.6686,1.7767
Z,ZZ11,多发性重要创伤无手术，伴严重合并症或并发症,非基础组,内科组,1.3092,0.6037
Z,ZZ13,多发性重要创伤无手术，伴一般合并症或并发症,非基础组,内科组,0.8479,0.4285
Z,ZZ15,多发性重要创伤无手术，不伴并发症或合并症,非基础组,内科组,0.6441,0.3047
