seq,code,name
1,00.0101,头部血管治疗性超声
2,00.0900x001,治疗性超声
3,00.0901,高强度聚焦超声治疗
4,00.1000,化学治疗物质植入
5,00.1101,重组蛋白输注
6,00.1201,一氧化氮疗法
7,00.1301,人类B型钠尿肽（hBNP）输注
8,00.1400x001,注射噁唑烷酮类抗生素
9,00.1400x002,输注噁唑烷酮类抗生素
10,00.1500x001,输注白细胞介素
11,00.1500x002,注射阿地白细胞介素
12,00.1601,经活体外血管治疗
13,00.1602,高压移植[引导]
14,00.1700,血管加压剂灌注
15,00.1801,单克隆抗体治疗
16,00.1802,多克隆抗体治疗
17,00.1900,经输注的血脑屏障破坏术[BBBD]
18,00.2800,血管内显像，其他特指的血管
19,00.2900x001,血管内超声
20,00.3101,CT导航计算机辅助外科手术
21,00.3200x001,MRA神经导航辅助外科
22,00.3201,MR神经导航计算机辅助外科手术
23,00.3300,荧光透视的计算机辅助外科手术
24,00.3400x002,磁导航计算机辅助外科
25,00.3500x001,显像导航计算机辅助外科
26,00.3900x001,计算机辅助外科
27,00.4000,单根血管操作
28,00.4100,两根血管操作
29,00.4200,三根血管操作
30,00.4301,四根血管操作
31,00.4302,四根以上血管操作
32,00.4400x001,血管分叉部位的操作
33,00.4500,置入一根血管支架
34,00.4600,置入两根血管支架
35,00.4700,置入三根血管支架
36,00.4801,四根血管支架置入
37,00.4802,四根以上血管支架置入
38,00.4900,过饱和氧化治疗
39,00.5800,置入动脉瘤囊内压力监测装置（手术中）
40,00.6800x001,肢体动脉血管内压力测量
41,00.6900x001,血管内压力测量
42,00.6900x002,髂部血管血管内压力测量
43,00.6900x003,腹内血管血管内压力测量
44,00.6900x004,肠系膜血管血管内压力测量
45,00.6900x005,肾血管内压力测量
46,00.6901,外周静脉内压力测量
47,00.7400,髋轴面，金属与聚乙烯
48,00.7500,髋轴面，金属与金属
49,00.7600,髋轴面，陶瓷与陶瓷
50,00.7601,黑金股骨头
51,00.7700,髋轴面，陶瓷与聚乙烯
52,00.7800,髋轴面，陶瓷与金属
53,00.9100,与供者有血缘关系的活体移植
54,00.9200,与供者无血缘关系的活体移植
55,00.9300,从尸体上移植
56,00.9400,手术中神经生理监测
57,01.1100x001,经皮脑膜活检
58,01.1300x001,经皮脑活检
59,01.1300x002,立体定向脑活检
60,01.1301,神经导航下颅内病变活组织检查
61,01.1900,颅骨其他诊断性操作
62,03.3101,腰椎穿刺术
63,03.3900,脊髓和椎管结构的其他诊断性操作
64,03.9100x004,椎管内止痛剂注入术
65,03.9101,椎管内置管止痛术
66,03.9102,脊神经根阻滞术
67,03.9200x001,椎管内注射封闭
68,03.9201,脊髓蛛网膜下腔注射术
69,04.1101,闭合性颅神经活组织检查
70,04.1102,闭合性周围神经活组织检查
71,04.1103,闭合性神经节活组织检查术
72,04.1900,颅和周围神经和神经节的其他诊断性操作
73,04.2x12,内脏神经无水酒精注射术
74,04.8000,周围神经注射
75,04.8100x003,周围神经麻醉止痛
76,04.8101,周围神经阻滞术
77,04.8102,三叉神经阻滞术
78,04.8103,下颌神经阻滞术
79,04.8104,肋间神经阻滞术
80,04.8105,腹腔神经阻滞术
81,04.8106,股神经阻滞术
82,04.8900,其他物质注射，除外神经破坏药
83,05.1900,交感神经或神经节的其他诊断性操作
84,05.9x00,神经系统的其他手术
85,06.0100x001,甲状腺区抽吸引流术
86,06.1101,超声引导下经皮甲状腺活组织检查术
87,06.1302,经皮甲状旁腺活组织检查
88,06.1303,超声引导下甲状旁腺活组织检查
89,06.1900,甲状腺和甲状旁腺的其他诊断性操作
90,07.1100,闭合性[经皮][针吸]肾上腺活组织检查
91,07.1600,胸腺活组织检查
92,07.1900,肾上腺、垂体、松果腺和胸腺的其他诊断性操作
93,08.0902,眼睑切开引流术
94,08.1100,眼睑活组织检查
95,08.1900,眼睑其他诊断性操作
96,08.2000x010,眼睑皮肤和皮下组织非切除性清创
97,08.2100x004,睑板腺脓肿切开引流术
98,09.0x00x001,泪囊切开引流术
99,09.1100,泪腺活组织检查
100,09.1200,泪囊活组织检查
101,09.1900,泪器系统其他诊断性操作
102,10.1x00x002,结膜引流术
103,10.2100,结膜活组织检查
104,10.2901,结膜刮片检查术
105,10.9100,结膜下注射
106,11.2100x001,角膜涂片检查
107,11.2200,角膜活组织检查
108,11.2900x003,角膜内皮细胞计数检查
109,11.2901,角膜印迹细胞检查
110,12.2100,眼前房诊断性抽吸术
111,12.2200,虹膜活组织检查
112,12.2900,虹膜、睫状体、巩膜和前房其他诊断性操作
113,14.1100,玻璃体诊断性抽吸
114,14.1901,脉络膜活组织检查
115,14.1902,视网膜活组织检查
116,15.0100x001,眼外肌活检术
117,15.0900,眼外肌和腱的其他诊断性操作
118,16.0900x006,鼻内镜下眶切开引流术
119,16.0902,眶切开引流术
120,16.2100x001,眼底检查
121,16.2200,眼眶诊断性抽吸
122,16.2301,眶活组织检查
123,16.2302,眼球内活组织检查
124,16.2900,眼眶和眼球的其他诊断性操作
125,16.9300x001,眶内脓肿引流术
126,16.9800x002,眼眶内穿刺引流术
127,17.4100,开放性机器人援助操作
128,17.4200,腹腔镜机器人援助操作
129,17.4300,经皮机器人援助操作
130,17.4400,内镜机器人援助操作
131,17.4500,胸腔镜机器人援助操作
132,17.4901,机器人辅助康复
133,17.6200x001,头颈部病损的激光质热疗法[LITT]
134,17.6300x001,肝病损激光间质热疗法[LITT]
135,17.6900x001,其他部位激光间质热疗法[LITT]
136,17.7000,氯法拉滨静脉内灌注
137,17.7100,手术中非冠状动脉荧光血管造影术[IFVA]
138,17.8100,抗菌外膜置入
139,17.91100,毫针治疗
140,17.91110,头针治疗
141,17.91120,腹针治疗
142,17.91130,眼针治疗
143,17.91140,手针治疗
144,17.91150,腕踝针治疗
145,17.91160,平衡针治疗
146,17.91170,醒脑开窍治疗
147,17.91180,靳三针治疗
148,17.91190,金针治疗
149,17.91210,耳针治疗
150,17.91220,三棱针治疗
151,17.91230,皮内针治疗
152,17.91240,火针治疗
153,17.91250,皮肤针治疗
154,17.91260,芒针治疗
155,17.91270,穴位注射治疗
156,17.91280,鍉针治疗
157,17.91290,埋线治疗
158,17.912A0,电针治疗
159,17.912B0,贺氏三通治疗
160,17.912C0,浮针治疗
161,17.91310,麦粒灸治疗
162,17.91320,隔物灸治疗
163,17.91330,悬灸治疗
164,17.91340,三伏天灸治疗
165,17.91350,温针灸治疗
166,17.91360,热敏灸治疗
167,17.91370,雷火灸治疗
168,17.92010,揉抓排乳治疗
169,17.92110,颈椎病推拿治疗
170,17.92120,第三腰椎横突综合征推拿治疗
171,17.92130,中风后遗症推拿治疗
172,17.92210,头痛推拿治疗
173,17.92220,眩晕推拿治疗
174,17.92230,失眠推拿治疗
175,17.92240,感冒推拿治疗
176,17.92250,咳喘推拿治疗
177,17.92260,心悸推拿治疗
178,17.92270,消渴推拿治疗
179,17.92280,面瘫推拿治疗
180,17.92290,近视推拿治疗
181,17.922A0,痛经推拿治疗
182,17.922B0,月经不调推拿治疗
183,17.922C0,胃脘痛推拿治疗
184,17.922D0,慢性胆囊炎推拿治疗
185,17.922E0,呃逆推拿治疗
186,17.922F0,腹泻推拿治疗
187,17.922G0,便秘推拿治疗
188,17.922H0,癃闭推拿治疗
189,17.922J0,乳蛾推拿治疗
190,17.92300,运动关节手法推拿治疗
191,17.92400,导引手法推拿治疗
192,17.92500,基本手法推拿治疗
193,17.92610,寰枢关节失稳推拿治疗
194,17.92620,颈椎小关节紊乱推拿治疗
195,17.92630,胸椎小关节紊乱推拿治疗
196,17.92640,腰椎小关节紊乱推拿治疗
197,17.92650,腰椎间盘突出推拿治疗
198,17.92660,骶髂关节紊乱症推拿治疗
199,17.92670,强直性脊柱炎推拿治疗
200,17.92680,落枕推拿治疗
201,17.92690,四肢关节错缝推拿治疗
202,17.92710,小儿肌性斜颈推拿治疗
203,17.92720,小儿发热推拿治疗
204,17.92730,小儿腹泻推拿治疗
205,17.92740,小儿咳嗽推拿治疗
206,17.92750,小儿捏脊治疗
207,17.92760,小儿流涎症推拿治疗
208,17.92770,小儿腹痛推拿治疗
209,17.92780,小儿夜啼推拿治疗
210,17.92790,小儿厌食推拿治疗
211,17.927A0,小儿呕吐推拿治疗
212,17.927B0,小儿便秘推拿治疗
213,17.927C0,小儿遗尿推拿治疗
214,17.927D0,小儿脱肛推拿治疗
215,17.927E0,小儿疳积推拿治疗
216,17.92800,器械辅助推拿治疗
217,17.92900,膏摩治疗
218,17.93100,刮痧治疗
219,17.93200,放痧治疗
220,17.93300,撮痧治疗
221,17.93400,砭石治疗
222,17.94100,拔罐治疗
223,17.94200,药罐治疗
224,17.94300,刺络拔罐治疗
225,17.94400,针罐治疗
226,17.95110,贴敷治疗(小)
227,17.95120,贴敷治疗(中)
228,17.95130,贴敷治疗(大)
229,17.95140,贴敷治疗(特大)
230,17.95150,穴位贴敷治疗
231,17.95210,烫熨治疗(小)
232,17.95220,烫熨治疗(中)
233,17.95230,烫熨治疗(大)
234,17.95240,烫熨治疗(特大)
235,17.95300,冷敷治疗
236,17.95410,中药蒸汽浴治疗
237,17.95420,中药熏药治疗
238,17.95430,中药硬膏热贴敷治疗
239,17.95510,中药局部熏洗治疗
240,17.95520,中药半身熏洗治疗
241,17.95530,中药全身熏洗治疗
242,17.95610,中药淋洗治疗
243,17.95710,中药塌渍治疗
244,17.95720,中药湿热敷治疗
245,17.96100,针刀治疗
246,17.96110,脊柱针刀治疗
247,17.96120,四肢关节针刀治疗
248,17.96130,手足针刀治疗
249,17.96200,带刃针疗法
250,17.96210,脊柱带刃针治疗
251,17.96300,水针刀治疗
252,17.96400,钩针治疗
253,17.96500,刃针治疗
254,17.96510,手足刃针治疗
255,17.96520,脊柱刃针治疗
256,17.96530,四肢关节刃针治疗
257,17.96600,长圆针治疗
258,17.96700,松解针松解治疗
259,17.96800,铍针治疗
260,17.97100,脱位合并撕脱骨折手法整复术
261,17.97110,颞颌关节脱位手法整复术
262,17.97120,肩锁关节脱位手法整复术
263,17.97130,胸锁关节脱位手法整复术
264,17.97140,肩关节脱位手法整复术
265,17.97150,肘关节脱位手法整复术
266,17.97160,桡骨头半脱位手法整复术
267,17.97170,桡骨头脱位手法整复术
268,17.97180,下桡尺关节脱位手法整复术
269,17.97190,桡腕关节脱位手法整复术
270,17.971A0,手腕部脱位手法整复术
271,17.971B0,髋关节脱位手法整复术
272,17.971C0,髌骨脱位手法整复术
273,17.971D0,足部关节脱位手法整复术
274,17.97200,经皮穿刺关节骨折闭合复位内固定术
275,17.97210,锁骨骨折手法整复术
276,17.97220,肱骨外科颈骨折手法整复术
277,17.97230,肱骨大结节骨折手法整复术
278,17.97240,肱骨干骨折手法整复术
279,17.97250,肱骨髁上骨折手法整复术
280,17.97260,肱骨髁间骨折手法整复术
281,17.97270,肱骨内外髁骨折手法整复术
282,17.97280,尺骨鹰嘴骨折手法整复术
283,17.97290,桡骨头骨折手法整复术
284,17.972A0,桡尺骨干双骨折手法整复术
285,17.972B0,桡尺骨干单骨折手法整复术
286,17.972C0,尺骨上1/3骨折合并桡骨头脱位手法整复术
287,17.972D0,桡骨下1/3骨折合并下尺桡关节脱位手法整复术
288,17.972E0,桡骨下端骨折手法整复术
289,17.972F0,腕舟骨骨折手法整复术
290,17.972G0,掌指骨骨折手法整复术
291,17.972H0,股骨颈/股骨转子间骨折手法整复术
292,17.972J0,股骨干骨折手法整复术
293,17.972K0,股骨髁上骨折手法整复术
294,17.972L0,髌骨骨折手法整复术
295,17.972M0,胫骨髁骨折手法整复术
296,17.972N0,胫腓骨干骨折手法整复术
297,17.972P0,踝关节单踝骨折手法整复术
298,17.972Q0,踝关节骨折脱位手法整复术
299,17.972R0,足部骨折手法整复术
300,17.972S0,脊柱骨折手法整复术
301,17.97310,小夹板固定治疗
302,17.97320,小夹板调整术
303,17.97330,骨折超关节夹板外固定术
304,17.97410,理筋手法治疗
305,17.97420,关节粘连手法松解术
306,17.97430,大关节粘连手法松解术
307,17.97500,练功康复疗法
308,17.98110,肛瘘挂线治疗
309,17.98121,复杂性高位肛周脓肿切开引流原发病灶清除挂线术
310,17.98122,肛肠术后紧线术
311,17.98123,肛门狭窄挂线术
312,17.98124,高位复杂肛瘘挂线治疗
313,17.98125,直肠狭窄挂线术
314,17.98211,内痔硬化剂注射治疗
315,17.98212,环状混合痔硬化剂注射治疗
316,17.98220,消痔灵注射治疗
317,17.98230,枯痔注射治疗
318,17.98310,单纯结扎治疗
319,17.98320,内痔套扎治疗
320,17.98340,经直肠多普勒痔动脉结扎治疗
321,17.98410,直肠滴注治疗
322,17.98421,结肠水疗
323,17.98422,经直肠中药滴入治疗
324,17.98510,直肠脱垂注射治疗
325,17.98511,直肠脱垂黏膜下注射治疗
326,17.98512,直肠前突出注射治疗
327,17.98521,完全性直肠脱垂双层硬化剂注射治疗
328,17.98611,肛周药物注射封闭治疗
329,17.98612,肛周穴位药物注射封闭治疗
330,17.99110,五禽戏治疗
331,17.99120,六字诀治疗
332,17.99130,易筋经治疗
333,17.99140,八段锦治疗
334,17.99150,五行掌治疗
335,17.99160,保健功治疗
336,17.99170,站桩功治疗
337,17.99180,回春功治疗
338,17.99190,放松功治疗
339,17.991A0,内养功治疗
340,17.991B0,强壮功治疗
341,17.991C0,真气运行法治疗
342,17.991D0,新气功疗法治疗
343,17.991E0,养气健目功治疗
344,17.991F0,龟息养生功治疗
345,17.99910,针刀刺营治疗急性扁桃体炎治疗
346,17.99920,火针洞式引流治疗
347,17.99930,烙治法治疗慢性扁桃体炎治疗
348,17.99940,脐疗法治疗
349,18.0100x002,耳垂切开引流术
350,18.0201,外耳道切开引流术
351,18.0900x002,耳后切开引流术
352,18.0901,耳前切开引流术
353,18.0902,耳廓切开引流术
354,18.1100,耳镜检查
355,18.1200,外耳活组织检查
356,18.1900,外耳其他诊断性操作
357,18.2900x017,耳廓皮肤和皮下组织非切除性清创
358,20.3100,耳蜗电图
359,20.3201,中耳活组织检查
360,20.3202,内耳活组织检查
361,20.3901,中耳镜检查
362,20.9400,鼓室注射
363,21.2100,鼻镜检查
364,21.2200,鼻活组织检查
365,21.2900,鼻其他诊断性操作
366,21.3200x011,鼻皮肤和皮下组织非切除性清创
367,22.1100,鼻窦闭合性[内镜的][针吸]活组织检查
368,22.1100x002,鼻内窥镜下鼻窦活检
369,22.1901,内镜下鼻窦检查
370,23.2x00,牙齿填充修复
371,23.3x00x001,义齿修复
372,23.4300,置入活动桥
373,24.0x01,根尖囊肿切开引流术
374,24.0x02,牙龈切开引流术
375,24.0x03,牙槽切开引流术
376,24.0x04,牙髓管切开引流术
377,24.1100,牙龈活组织检查
378,24.1200,牙槽活组织检查
379,24.1900,牙、牙龈和牙槽的其他诊断性操作
380,24.8x01,去除牙齿矫形器
381,25.0100,闭合性[针吸]舌活组织检查
382,25.0900,舌其他诊断性操作
383,25.9400x001,舌切开引流术
384,26.0x01,腮腺切开引流术
385,26.1100x001,唾液腺活检
386,26.1100x003,腮腺活检
387,26.1200x001,直视下腮腺活检术
388,26.1200x002,直视下唾液腺活检术
389,26.1900x001,唾液腺内镜检查
390,26.9900x002,涎腺穿刺引流术
391,27.0x01,颌间隙引流术
392,27.0x02,面部引流术
393,27.0x03,颌下切开引流术
394,27.0x04,颊部切开引流术
395,27.0x05,颏下切开引流术
396,27.0x06,口底切开引流术
397,27.0x07,舌下腺切开引流术
398,27.0x08,咽旁间隙切开引流术
399,27.0x09,唇切开引流术
400,27.0x10,面部脓肿引流术
401,27.1x02,腭切开引流术
402,27.2100,硬腭活组织检查
403,27.2101,内镜下硬腭活组织检查
404,27.2201,悬雍垂活组织检查
405,27.2202,软腭活组织检查
406,27.2300,唇活组织检查
407,27.2401,颊黏膜活组织检查
408,27.2402,口腔颌面部活组织检查
409,27.4300x011,唇部皮肤和皮下组织非切除性清创
410,27.9201,口内切开引流术
411,28.0x00x002,扁桃体周围切开引流术
412,28.0x00x003,扁桃体穿刺引流术
413,28.0x01,咽后组织切开引流术
414,28.0x02,扁桃体切开引流术
415,28.0x03,咽旁切开引流术
416,28.1101,扁桃体活组织检查
417,28.1102,腺样增殖体活组织检查
418,28.1900,扁桃体和腺样增殖体的其他诊断性操作
419,29.0x00x001,咽部切开引流术
420,29.0x00x005,咽瘘切开引流术
421,29.0x01,咽囊引流术
422,29.1100,咽镜检查
423,29.1100x002,纤维鼻咽镜检查
424,29.1201,声门上病损活组织检查
425,29.1202,鼻咽活组织检查
426,29.1203,内镜下鼻咽活组织检查
427,29.1204,支撑喉镜下咽部活组织检查
428,29.1900,咽的其他诊断性操作
429,31.3x00x001,支撑喉镜下喉切开引流术
430,31.3x00x005,会厌切开引流术
431,31.4100,气管镜检查，经人工造口
432,31.4200x001,支撑喉镜检查
433,31.4200x003,纤维喉镜检查
434,31.4201,喉镜检查
435,31.4202,气管镜检查
436,31.4300x002,纤维喉镜下喉活检
437,31.4301,内镜下声带活组织检查术
438,31.4400x001,气管镜下气管活检
439,31.4800,喉的其他诊断性操作
440,31.4900,气管的其他诊断性操作
441,33.2100,经人工造口的支气管镜检查
442,33.2200x002,荧光支气管镜检查
443,33.2200x003,纤维支气管镜检查
444,33.2300x002,磁导航支气管镜检查
445,33.2300x003,硬质支气管镜检查
446,33.2301,超声支气管镜检查
447,33.2302,电子支气管镜检查
448,33.2400x001,支气管镜下支气管活检
449,33.2400x002,支气管镜下诊断性支气管肺泡灌洗[BAL]
450,33.2402,超声内镜下支气管穿刺活组织检查术
451,33.2403,纤维支气管镜检查伴肺泡灌洗术
452,33.2405,气管镜刷检术
453,33.2600x001,肺穿刺活检
454,33.2600x002,经皮针吸肺活检
455,33.2700x001,支气管镜下肺活检
456,33.2701,气管镜透壁针吸活组织检查
457,33.2702,超声支气管镜下肺活组织检查
458,33.2703,支气管镜肺穿刺抽吸术
459,33.2900,肺和支气管的其他诊断性操作
460,33.7200,内镜肺气道流量测量
461,33.9302,肺穿刺引流术
462,34.0100x002,胸膜外引流术
463,34.0101,胸壁切开引流术
464,34.0400x001,胸腔引流管置换术
465,34.0401,胸腔闭式引流术
466,34.0402,胸腔闭式引流管调整术
467,34.2300,胸壁活组织检查
468,34.2400x001,胸膜活检
469,34.2500,闭合性纵隔[经皮][针吸]活组织检查
470,34.2501,内镜下纵隔活组织检查
471,34.2800,胸壁，胸膜和横膈的其他诊断性操作
472,34.9100x001,经皮胸膜病损穿刺定位术
473,34.9101,胸腔穿刺抽液术
474,34.9102,胸腔穿刺抽气术
475,34.9103,超声引导下胸腔穿刺术
476,34.9104,CT引导下胸腔穿刺术
477,37.0x00x002,心包穿刺引流术
478,37.0x01,超声引导下心包穿刺引流术
479,37.7000,首次置入导线[电极]
480,37.7100,首次经静脉入心室置入导线[电极]
481,37.9500x001,心脏除颤器导线置入术
482,37.9500x002,自动心脏复律器导线置入术
483,37.9700x001,自动心脏复律器导线置换术
484,37.9700x002,心脏除颤器导线置换术
485,38.2100,血管活组织检查
486,38.2200,经皮血管镜检查
487,38.2900,血管其他诊断性操作
488,38.9100,动脉导管插入术
489,38.9100x601,肝动脉插管术
490,38.9100x602,髂内动脉插管术
491,38.9200,脐静脉导管插入术
492,38.9300,静脉导管插入术
493,38.9300x001,经皮岩下窦静脉取血术（IPSS）
494,38.9300x002,经皮肾上腺静脉取血术
495,38.9300x003,经皮肾静脉取血术
496,38.9300x004,经皮上腔静脉取血术
497,38.9300x005,经皮下腔静脉取血术
498,38.9300x006,经皮甲状旁腺静脉取血术
499,38.9300x007,经皮奇静脉取血术
500,38.9300x008,经皮肝静脉取血术
501,38.9300x201,颈静脉插管术
502,38.9300x202,经皮颈静脉肝内门静脉-腔静脉置管术
503,38.9300x701,肝静脉插管术
504,38.9300x702,肾静脉插管术
505,38.9300x901,大隐静脉插管术
506,38.9301,经外周静脉穿刺中心静脉置管术
507,38.9302,颈内静脉穿刺中心静脉置管术
508,38.9303,锁骨下静脉穿刺中心静脉置管术
509,38.9304,股静脉穿刺置管术
510,38.9502,为肾透析的临时静脉插管术
511,38.9700x002,引导下中心静脉置管术
512,38.9800x001,动脉穿刺术
513,38.9800x801,股动脉穿刺术
514,38.9900x002,静脉穿刺术
515,38.9900x501,锁骨下静脉穿刺术
516,38.9900x701,脐静脉穿刺术
517,38.9900x901,股静脉穿刺术
518,39.4100x002,股动脉穿刺部位封堵术
519,39.4301,前臂动静脉瘘管拔除术
520,39.6100,体外循环辅助开放性心脏手术
521,39.6200,低温(全身性)下开放性心脏手术
522,39.6300,心麻痹
523,39.6400,手术中心脏起搏器
524,39.6500x001,体外膜肺氧合［ECM0］安装术
525,39.6500x002,体外膜肺氧合［ECM0］撤离术
526,39.6600,经皮心肺搭桥
527,39.9200,静脉注射硬化药
528,39.9701,下肢血管灌注
529,39.9702,颈动脉灌注
530,39.9703,冠状动脉灌注
531,39.9704,头部血管灌注
532,39.9705,上肢血管灌注
533,40.0x00x001,淋巴结切开引流术
534,40.1100x005,经支气管超声内镜纵隔淋巴结穿刺活检术
535,40.1100x006,超声内镜下腹腔淋巴结细针穿刺活检(FNA)
536,40.1100x007,超声内镜下纵隔淋巴结细针穿刺活检(FNA)
537,40.1100x008,肺门淋巴结活检术
538,40.1100x009,纵隔淋巴结活检术
539,40.1100x010,颌下淋巴结活检术
540,40.1100x011,颌上淋巴结活检术
541,40.1101,颈淋巴结活组织检查
542,40.1102,锁骨上淋巴结活组织检查
543,40.1103,腋窝淋巴结活组织检查
544,40.1104,腹股沟淋巴结活组织检查
545,40.1106,内镜淋巴结活组织检查
546,40.1900x002,纳米炭淋巴结示踪及负显影
547,41.3100,骨髓活组织检查
548,41.3200x001,经皮脾活检
549,41.3800x001,骨髓穿刺术
550,41.3900,脾其他诊断性操作
551,42.2300x001,食管镜检查
552,42.2300x002,超声内镜下食管检查
553,42.2400x001,食管镜下活检
554,42.2400x003,超声内镜下食管细针穿刺活检(FNA)
555,42.2900,食管的其他诊断性操作
556,44.1200,经人工造口胃镜检查
557,44.1300x001,胃镜检查
558,44.1301,超声内镜下胃检查
559,44.1400x003,超声内镜下胃细针穿刺活检(FNA)
560,44.1401,胃镜下活组织检查
561,44.1402,超声内镜下胃活组织检查
562,44.1901,胃电图
563,45.1200x001,经人工造口小肠内镜检查
564,45.1300x001,小肠镜检查
565,45.1300x004,胃-十二指肠镜检查
566,45.1300x005,双(单)气囊小肠镜检查
567,45.1300x006,超声内镜下十二指肠检查
568,45.1300x007,超声内镜下小肠检查
569,45.1301,十二指肠镜检查术
570,45.1302,胶囊内镜检查术
571,45.1400x003,胃十二指肠镜下小肠刷洗活检
572,45.1401,内镜下小肠活组织检查
573,45.1402,内镜下回肠活组织检查
574,45.1600x001,胃十二指肠镜下活检
575,45.1900,小肠其他诊断性操作
576,45.2101,经腹大肠内镜检查（手术中）
577,45.2200x001,经人工造口大肠内镜检查
578,45.2300x001,内镜下逆行阑尾造影术
579,45.2301,可曲性光学纤维结肠镜检查
580,45.2302,电子结肠镜检查
581,45.2303,超声结肠镜检查
582,45.2401,乙状结肠镜检查
583,45.2500x004,结肠刷洗
584,45.2501,结肠镜下大肠活组织检查
585,45.2700,肠活组织检查
586,45.2800,大肠其他诊断性操作
587,45.2900,肠的其他诊断性操作
588,47.1100,腹腔镜下附带阑尾切除术
589,47.1900x001,附带阑尾切除术
590,48.2200,直肠乙状结肠镜检查经人工造口
591,48.2300,硬式直肠乙状结肠镜检查
592,48.2300x003,超声内镜下直肠检查
593,48.2301,直肠乙状结肠超声内镜检查
594,48.2400x002,直肠活检
595,48.2400x003,直肠-乙状结肠镜下直肠刷洗活检
596,48.2401,直肠乙状结肠镜下直肠活组织检查
597,48.2600,直肠周围组织活组织检查
598,48.2900,直肠、直肠乙状结肠和直肠周围组织的其他诊断性操作
599,48.8101,直肠周围脓肿切开引流术
600,49.0100x004,肛周脓肿切开引流术
601,49.2100,肛门镜检查
602,49.2200,肛周组织的活组织检查
603,49.2300,肛门活组织检查
604,49.2900,肛门和肛周组织的其他诊断性操作
605,49.3900x016,肛门皮肤和皮下组织非切除性清创
606,50.1100x001,超声引导下肝穿刺活检
607,50.1100x005,经皮肝穿刺活检
608,50.1101,超声内镜下细针穿刺肝活组织检查(FNA)
609,50.1300,经颈静脉肝活组织检查
610,50.1900,肝的其他诊断性操作
611,50.9101,经皮肝穿刺引流术
612,50.9102,肝脓肿穿刺引流术
613,50.9103,肝囊肿穿刺引流术
614,51.1102,胆道镜检查术
615,51.1103,电子子母胆道镜检查
616,51.1201,经皮胆囊活组织检查
617,51.1202,经皮胆管活组织检查
618,51.1401,内镜下胆管活组织检查
619,51.1402,内镜下胆囊活组织检查
620,51.1403,内镜下奥狄氏扩约肌活组织检查
621,51.1404,内镜下壶腹活组织检查
622,51.1900,胆管的其他诊断性操作
623,51.9802,经人工造口胆道镜检查术
624,51.9809,经T管胆道镜检查
625,52.1100x001,胰腺穿刺活检
626,52.1101,超声内镜下胰腺细针穿刺活组织检查
627,52.1301,胰管内镜检查术
628,52.1400,闭合性[内镜的]胰管活组织检查
629,52.1900x001,超声内镜下胰腺检查
630,52.2200x002,术中胰腺病损微波消融术
631,52.2200x003,术中胰腺病损冷冻消融术
632,54.0x00x001,骶部脓肿切开引流术
633,54.0x00x002,腹壁窦道切开引流术
634,54.0x00x004,腹壁脓肿切开引流术
635,54.0x00x006,腹膜外脓肿切开引流术
636,54.0x00x013,腹股沟脓肿切开引流术
637,54.0x00x018,腹膜后脓肿切开引流术
638,54.0x00x022,脐脓肿切开引流术
639,54.0x00x024,髂窝脓肿切开引流术
640,54.0x00x025,髂窝血肿切开引流术
641,54.0x02,腹壁切开引流术
642,54.0x04,腹股沟切开引流术
643,54.0x05,脐切开引流术
644,54.0x06,髂窝切开引流术
645,54.0x07,腹膜外切开引流术
646,54.0x08,腹膜后切开引流术
647,54.2200x004,腹壁穿刺活检
648,54.2201,腹壁活组织检查
649,54.2202,脐活组织检查
650,54.2400x001,腹内病损穿刺活检
651,54.2400x002,腹腔病损穿刺活检
652,54.2400x003,髂部病损穿刺活检
653,54.2400x006,盆腔病损穿刺活检
654,54.2401,经皮腹腔肿物活组织检查
655,54.2403,经皮腹膜活组织检查
656,54.2404,经皮腹膜后活组织检查
657,54.2500x001,腹腔冲洗检查
658,54.2900,腹部其他诊断性操作
659,54.9100x002,经腹盆腔穿刺引流术
660,54.9100x009,超声引导下盆腔穿刺术
661,54.9101,腹腔穿刺引流术
662,54.9102,盆腔穿刺引流术
663,54.9103,髂窝穿刺引流术
664,54.9105,腹腔穿刺术
665,54.9106,盆腔穿刺术
666,54.9600,空气注入腹膜腔
667,55.2101,经皮肾镜检查术
668,55.2200,肾盂镜检查
669,55.2300x001,超声引导下肾穿刺活检
670,55.2300x003,经尿道输尿管镜肾活检
671,55.2301,肾穿刺活组织检查
672,55.2302,内镜下肾盂活组织检查
673,55.2900,肾其他诊断性操作
674,56.3100,输尿管镜检查
675,56.3200,闭合性经皮输尿管活组织检查
676,56.3300x001,经尿道输尿管镜输尿管活检
677,56.3500x001,回肠代输出道内镜检查
678,56.3501,回肠通道膀胱镜检查
679,56.3502,回肠通道回肠镜检查
680,56.3900,输尿管其他诊断性操作
681,57.0x01,经尿道膀胱引流术
682,57.3100,膀胱镜检查经人工造口
683,57.3200x001,膀胱镜检查
684,55.3200x002,术中肾病损纳米刀消融术
685,57.3300,闭合性[经尿道]膀胱活组织检查
686,57.3900,膀胱其他诊断性操作
687,57.9400,留置导尿管的置入术
688,57.9500,留置导尿管的置换术
689,58.2100,会阴尿道镜检查
690,58.2200x001,尿道镜检查
691,58.2300,尿道活组织检查
692,58.2400,尿道周围组织活组织检查
693,58.2900,尿道和尿道周围组织的其他诊断性操作
694,59.2101,肾周活组织检查
695,59.2102,膀胱周围活组织检查
696,59.2900,肾周组织、膀胱周围组织和腹膜后的其他诊断性操作
697,59.8x02,肾导管引流术
698,59.9201,肾周穿刺引流术
699,59.9900x002,输尿管支架取出术
700,59.9901,输尿管支架置换术
701,59.9902,输尿管支架调整术
702,59.9903,尿道悬吊带部分取出术
703,60.1100x002,超声引导下前列腺穿刺活检
704,60.1100x003,经会阴前列腺穿剌活检术
705,60.1101,经直肠前列腺穿剌活组织检查
706,60.1300,闭合性[经皮]精囊活组织检查
707,60.1500,前列腺周围组织的活组织检查
708,60.1800,前列腺和前列腺周围组织的其他诊断性操作
709,60.9201,前列腺药物注射
710,61.0x01,睾丸鞘膜切开引流术
711,61.0x02,阴囊切开引流术
712,61.1101,阴囊活组织检查
713,61.1102,睾丸鞘膜活组织检查
714,61.1900,阴囊和睾丸鞘膜的其他诊断性操作
715,61.3x00x006,阴囊皮肤和皮下组织非切除性清创
716,62.0x02,睾丸切开引流术
717,62.1100,闭合性[经皮][针吸]睾丸活组织检查
718,62.1900,睾丸其他诊断性操作
719,62.9200,治疗性物质注入睾丸
720,63.0101,精索活组织检查
721,63.0102,附睾活组织检查
722,63.0103,输精管活组织检查
723,63.0900x001,输精管穿刺术
724,64.1100,阴茎活组织检查
725,64.1900,阴茎的其他诊断性操作
726,64.2x00x007,阴茎皮肤和皮下组织非切除性清创
727,65.1100,卵巢抽吸活组织检查
728,65.1400,腹腔镜卵巢的其他诊断性操作
729,65.1900,卵巢的其他诊断性操作
730,66.1100,输卵管的活组织检查
731,66.1900x001,输卵管镜检查
732,66.8x00x001,输卵管注气术
733,67.1100,子宫颈内活组织检查
734,67.1200x001,子宫颈活检
735,68.1100,子宫指检
736,68.1200x001,宫腔镜检查
737,68.1602,宫腔镜子宫活组织检查
738,68.1901,子宫诊断性探查术
739,69.0901,诊断性刮宫术
740,69.0902,宫腔镜诊断性刮宫术
741,69.6x01,月经抽吸术
742,69.9100x001,宫腔引流术
743,69.9300,昆布属植物置入
744,70.0x00x002,后穹窿穿刺引流术
745,70.0x00x003,经阴道腹腔穿刺引流术
746,70.1201,女性盆腔脓肿引流术
747,70.1400x011,阴道血肿切开引流术
748,70.1406,阴道切开引流术
749,70.2100,阴道镜检查
750,70.2200,陷凹镜检查(后穹窿镜检查)
751,70.2300,直肠子宫陷凹的活组织检查
752,70.2301,腹腔镜子宫直肠陷凹活组织检查
753,70.2400,阴道活组织检查
754,70.9400x001,膀胱/直肠/阴道同种异体补片植入
755,70.9400x002,膀胱/直肠/阴道自体补片植入
756,70.9400x003,膀胱/直肠/阴道异种补片植入
757,70.9500x001,膀胱/直肠/阴道人工补片置入
758,71.0900x001,会阴切开引流术
759,71.0902,外阴切开引流术
760,71.1100,外阴活组织检查
761,71.1900,外阴的其他诊断性操作
762,71.2200x002,前庭大腺脓肿切开引流术
763,71.3x00x022,女性会阴皮肤和皮下组织非切除性清创
764,71.3x00x024,女性外阴皮肤和皮下组织非切除性清创
765,73.0100,人工破膜引产
766,73.0900x001,分娩时人工破膜
767,73.1x00x003,放置探条引产术
768,73.4x00x008,前列腺素促子宫颈成熟[普贝生引产]
769,73.4x00x009,营养饮食引产
770,73.4x01,催产素引产
771,73.4x02,米索前列醇引产
772,73.4x03,米非司酮引产
773,73.4x04,前列腺素引产
774,73.5100,手法旋转胎头
775,73.5900x002,头位阴道助产
776,73.5900x003,克勒德手法助产[Crede]
777,75.1x00,诊断性羊膜穿刺
778,75.3200,胎儿心电图(头皮)
779,75.3400x001,胎心监测
780,75.3500x001,催产素激惹实验(oct)
781,75.3500x003,子宫内压力测定
782,75.3800,胎儿脉搏血氧计
783,75.9900x001,产后子宫颈探查术
784,76.0901,下颌骨切开引流术
785,76.0902,上颌骨切开引流术
786,76.0904,颌骨囊肿开窗引流术
787,76.1100,面骨活组织检查
788,76.1101,颌骨活组织检查术
789,76.1901,关节镜颞颌关节检查术
790,77.4101,肩胛骨活组织检查
791,77.4102,锁骨活组织检查
792,77.4103,肋骨活组织检查
793,77.4104,胸骨活组织检查
794,77.4200,肱骨活组织检查
795,77.4301,桡骨活组织检查
796,77.4302,尺骨活组织检查
797,77.4401,腕骨活组织检查
798,77.4402,掌骨活组织检查
799,77.4500,股骨活组织检查
800,77.4600,髌骨活组织检查
801,77.4701,胫骨活组织检查
802,77.4702,腓骨活组织检查
803,77.4801,跗骨活组织检查
804,77.4802,跖骨活组织检查
805,77.4900x004,跟骨活检术
806,77.4900x005,距骨活检术
807,77.4900x006,楔骨活检术
808,77.4900x007,髂骨活检术
809,77.4901,骨盆活组织检查
810,77.4902,指骨活组织检查
811,77.4903,趾骨活组织检查
812,77.4904,椎骨活组织检查
813,78.8100,肩胛骨，锁骨和胸廓［肋骨和胸骨］诊断性操作
814,78.8100x001,肩胛骨穿刺活组织检查
815,78.8100x002,锁骨穿刺活组织检查
816,78.8100x003,肋骨穿刺活组织检查
817,78.8100x004,胸骨穿刺活组织检查
818,78.8200,肱骨诊断性操作
819,78.8200x001,肱骨穿刺活组织检查
820,78.8300,桡骨和尺骨诊断性操作
821,78.8300x001,桡骨穿刺活组织检查
822,78.8300x002,尺骨穿刺活组织检查
823,78.8400,腕骨和掌骨诊断性操作
824,78.8400x001,腕骨穿刺活组织检查
825,78.8400x002,掌骨穿刺活组织检查
826,78.8500,股骨诊断性操作
827,78.8500x001,股骨穿刺活组织检查
828,78.8600,髌骨诊断性操作
829,78.8600x001,髌骨穿刺活组织检查
830,78.8700,胫骨和腓骨诊断性操作
831,78.8700x001,胫骨穿刺活组织检查
832,78.8700x002,腓骨穿刺活组织检查
833,78.8800,跗骨和跖骨诊断性操作
834,78.8800x001,跗骨穿刺活组织检查
835,78.8800x002,跖骨穿刺活组织检查
836,78.8900,其他骨诊断性操作
837,78.8900x001,骨盆穿刺活组织检查
838,78.8900x002,椎骨穿刺活组织检查
839,80.2000,关节镜检查
840,80.2100,关节镜肩关节检查
841,80.2200,关节镜肘关节检查
842,80.2300,关节镜腕关节检查
843,80.2401,关节镜指关节检查
844,80.2500,关节镜髋关节检查
845,80.2600,关节镜膝关节检查
846,80.2700,关节镜踝关节检查
847,80.2801,关节镜趾关节检查
848,80.2900,关节镜其他特指关节检查
849,80.3000,关节结构的活组织检查
850,80.3100,肩关节结构的活组织检查
851,80.3200,肘关节结构的活组织检查
852,80.3300,腕关节结构的活组织检查
853,80.3401,指关节活组织检查
854,80.3500,髋关节结构的活组织检查
855,80.3600,膝关节结构的活组织检查
856,80.3700,踝关节结构的活组织检查
857,80.3800,足和趾关节结构的活组织检查
858,80.3900x001,骶髂关节活组织检查
859,80.3901,胸锁关节活组织检查
860,80.3902,脊柱关节活组织检查
861,81.9800,关节结构的其他诊断性操作
862,82.9200,手黏液囊抽吸术
863,82.9400,手黏液囊治疗性药物注入
864,83.0904,软组织切开引流术
865,83.2100,软组织活组织检查
866,83.9500x001,软组织抽吸
867,83.9501,超声引导下躯干软组织病损抽吸术
868,83.9502,超声引导下颈部软组织病损抽吸术
869,83.9600,黏液囊治疗性药物注入
870,83.9700,腱治疗性药物注入
871,83.9800x001,软组织治疗性药物局部注射
872,84.5100x002,碳纤维脊椎融合物置入术
873,84.5100x003,陶瓷脊椎融合物置入术
874,84.5100x004,金属脊椎融合物置入术
875,84.5100x005,塑胶脊椎融合物置入术
876,84.5100x006,钛合金脊椎融合物置入术
877,84.5100x007,3D打印脊椎融合物置入术
878,84.5200,重组骨形态形成蛋白的置入
879,84.7100x001,应用单平面外固定架
880,84.7200x001,应用环形外固定架系统
881,84.7300x001,应用组合外固定架系统
882,85.0x00x002,乳房切开引流术
883,85.0x01,乳房皮肤切开引流术
884,85.0x02,乳腺导管切开引流术
885,85.1100x001,乳房穿刺活检
886,85.1100x003,乳管镜下乳腺活检
887,85.1200x001,乳腺活检术
888,85.1900x002,乳管镜检查
889,85.2000x002,乳房皮肤和皮下组织非切除性清创
890,85.9100,乳房抽吸术
891,85.9200x001,乳房抗生素注射
892,86.0400x011,皮肤和皮下组织切开引流术
893,86.0401,创面封闭式负压引流术（VSD)
894,86.0402,男性会阴切开引流术
895,86.0600x004,药物治疗泵置入
896,86.0601,输注泵置入术
897,86.0602,输注泵置换术
898,86.0603,化疗泵置入术
899,86.0701,静脉输液港植入术
900,86.0900x006,化疗泵管位置调整
901,86.0900x007,皮下药物置入术
902,86.1100,皮肤和皮下组织的活组织检查
903,86.1900,皮肤和皮下组织的其他诊断性操作
904,86.2701,甲床清创术
905,86.2800x012,皮肤和皮下组织非切除性清创
906,86.3x17,皮肤病损微波治疗
907,87.0100,气脑造影图
908,87.0201,脑室充气造影
909,87.0300x001,头部CT检查
910,87.0301,脑CT检查
911,87.0302,头颈部CTA
912,87.0400x001,头颈部血管CT显像
913,87.0501,泪囊造影
914,87.0600x001,鼻咽造影
915,87.0700x001,喉造影
916,87.0900x001,腮腺造影
917,87.0900x002,下颌下腺造影
918,87.0901,颈部X线检查
919,87.1100,全口牙X线检查
920,87.1200x001,牙X线检查
921,87.1201,根管X线检查
922,87.1300x001,颞下颌关节造影
923,87.1400x001,眼眶造影
924,87.1500x001,鼻窦造影
925,87.1600x006,颧骨X线检查
926,87.1600x007,面部骨X线检查
927,87.1601,下颌骨X线检查
928,87.1602,上颌骨X线检查
929,87.1603,鼻窦X线检查
930,87.1604,鼻X线检查
931,87.1605,眼眶X线检查
932,87.1700x001,颅骨X线检查
933,87.2100x002,椎管造影
934,87.2101,椎间盘造影
935,87.2102,脊髓造影
936,87.2200x001,颈椎X线检查
937,87.2200x002,颈椎间盘造影
938,87.2300x001,胸椎X线检查
939,87.2300x002,胸椎间盘造影
940,87.2400x001,腰椎间盘造影
941,87.2400x004,骶尾X线检查
942,87.2401,腰椎X线检查
943,87.2402,腰骶椎X线检查
944,87.2900x001,脊柱X线检查
945,87.3100x001,支气管造影
946,87.3201,经环状软骨支气管造影
947,87.3300,纵隔充气造影图
948,87.3400x001,纵隔淋巴管造影
949,87.3501,乳腺导管造影
950,87.3600x001,乳腺钼靶像
951,87.3701,乳腺钼钯检查
952,87.3801,胸壁瘘管造影图
953,87.3900,胸壁其他软组织X线
954,87.4100x004,胸部血管CT显像
955,87.4101,胸部CT检查
956,87.4102,肺CT检查
957,87.4103,冠状动脉CT血管显像
958,87.4104,心脏CT检查
959,87.4200,胸其他断层照相术
960,87.4300x004,肋骨胸骨锁骨X线检查
961,87.4301,肋骨X线检查
962,87.4302,胸骨X线检查
963,87.4303,锁骨X线检查
964,87.4401,胸部X线检查
965,87.4900x001,心脏X线检查
966,87.5101,经皮肝穿刺胆管造影
967,87.5200,静脉胆管造影图
968,87.5300,手术中胆管造影图
969,87.5400x003,胰胆管造影
970,87.5401,胆管造影
971,87.5402,胆总管造影
972,87.5403,胆道T管造影
973,87.5900x002,术中胆囊造影
974,87.5900x003,内镜下胆囊造影
975,87.5901,胆囊造影
976,87.6101,钡餐造影
977,87.6200x001,上消化道造影
978,87.6300,小肠造影
979,87.6400x001,下消化道造影
980,87.6401,结肠钡灌肠造影
981,87.6500,肠的其他X线检查
982,87.6600x001,胰腺造影
983,87.6900x001,全消化道造影
984,87.6901,全胃肠造影
985,87.7101,肾CT检查
986,87.7102,肾血管CT显像
987,87.7200,其他肾断层照相图
988,87.7301,静脉输尿管肾盂造影
989,87.7302,尿路造影
990,87.7401,逆行输尿管造影
991,87.7402,逆行输尿管肾盂造影
992,87.7403,逆行尿路造影
993,87.7500,经皮肾盂造影图
994,87.7600,逆行膀胱尿道造影图
995,87.7700x001,膀胱造影
996,87.7800,回肠代膀胱造影图
997,87.7901,尿路平片（KUB)
998,87.8100,妊娠子宫X线检查
999,87.8201,子宫-输卵管充气造影
1000,87.8300x001,子宫-输卵管造影
1001,87.8300x002,输卵管碘油造影
1002,87.8400,经皮子宫造影图
1003,87.8501,子宫造影
1004,87.8502,输卵管造影
1005,87.8900,女性生殖器官的其他X线检查
1006,87.9100,对比剂精囊造影图
1007,87.9201,前列腺造影
1008,87.9202,精囊造影
1009,87.9300x001,附睾造影
1010,87.9400x001,输精管造影
1011,87.9501,附睾的其他X线检查
1012,87.9502,输精管的其他X线检查
1013,87.9900,男性生殖器官的其他X线检查
1014,88.0100x001,腹部CT检查
1015,88.0100x002,腹部血管CT显像
1016,88.0101,肝脏CT检查
1017,88.0102,胰腺CT检查
1018,88.0103,盆腔CT检查
1019,88.0104,肾上腺CT检查
1020,88.0200,其他腹部断层照相图
1021,88.0300,腹壁窦道造影图
1022,88.0400,腹淋巴管造影图
1023,88.0401,盆腔淋巴管造影
1024,88.0900,腹壁的其他软组织X线检查
1025,88.1101,盆腔造影
1026,88.1201,盆腔充气造影
1027,88.1300,其他腹腔充气造影图
1028,88.1400,腹膜后瘘管造影图
1029,88.1500,腹膜后充气造影图
1030,88.1600,其他腹膜后X线检查
1031,88.1901,腹部平片
1032,88.2101,肩关节X线检查
1033,88.2102,上臂X线检查
1034,88.2201,肘关节X线检查
1035,88.2202,前臂X线检查
1036,88.2301,腕关节X线检查
1037,88.2302,手X线检查
1038,88.2303,手指X线检查
1039,88.2400,上肢骨骼X线检查
1040,88.2500,骨盆测量
1041,88.2601,髋关节X线检查
1042,88.2602,骨盆X线检查
1043,88.2603,骶骼关节X线检查
1044,88.2701,股骨X线检查
1045,88.2702,膝关节X线检查
1046,88.2703,胫腓骨X线检查
1047,88.2801,踝关节X线检查
1048,88.2802,足X线检查
1049,88.2900,下肢骨骼X线检查
1050,88.3100,骨骼摄片
1051,88.3200x001,关节造影
1052,88.3201,肩关节造影
1053,88.3202,肘关节造影
1054,88.3203,腕关节造影
1055,88.3204,髋关节造影
1056,88.3205,膝关节造影
1057,88.3206,踝关节造影
1058,88.3301,骨龄测量
1059,88.3400,上肢淋巴管造影图
1060,88.3500,上肢的其他软组织X线检查
1061,88.3600,下肢的淋巴管造影图
1062,88.3700,下肢的其他软组织X线检查
1063,88.3800x002,颈椎CT检查
1064,88.3800x003,胸椎CT检查
1065,88.3800x004,腰椎CT检查
1066,88.3800x005,肘关节CT检查
1067,88.3800x006,踝关节CT检查
1068,88.3800x007,髋关节CT检查
1069,88.3800x008,膝关节CT检查
1070,88.3800x014,甲状腺CT检查
1071,88.3800x015,生殖系CT检查
1072,88.3800x016,泌尿系CT检查
1073,88.3800x017,肱骨CT检查
1074,88.3800x018,尺骨CT检查
1075,88.3800x019,桡骨CT检查
1076,88.3800x020,腕骨CT检查
1077,88.3800x021,掌骨CT检查
1078,88.3800x022,指骨CT检查
1079,88.3800x023,股骨CT检查
1080,88.3800x024,胫骨CT检查
1081,88.3800x025,腓骨CT检查
1082,88.3800x026,跗骨CT检查
1083,88.3800x027,跖骨CT检查
1084,88.3800x028,趾骨CT检查
1085,88.3800x029,骨盆CT检查
1086,88.3800x030,肩关节CT检查
1087,88.3800x031,腕关节CT检查
1088,88.3800x032,指关节CT检查
1089,88.3800x033,趾关节CT检查
1090,88.3800x034,骶髂关节CT检查
1091,88.3800x035,跟骨CT检查
1092,88.3800x036,距骨CT检查
1093,88.3800x037,上颌骨CT检查
1094,88.3800x038,咽喉部CT检查
1095,88.3800x039,锁骨下血管CT显像
1096,88.3800x040,脊髓血管CT显像
1097,88.3800x041,上肢血管CT显像
1098,88.3800x042,下肢血管CT显像
1099,88.3800x043,骶尾椎CT检查
1100,88.3800x044,颈部CT检查
1101,88.3801,脊柱CT检查
1102,88.3802,关节CT检查
1103,88.3803,肢体CT检查
1104,88.3804,鼻窦CT检查
1105,88.3805,眼CT检查
1106,88.3900x001,全身淋巴管造影
1107,88.4000,对比剂动脉造影术
1108,88.7100x001,颈部超声检查
1109,88.7100x002,头部超声检查
1110,88.7100x004,经颅多普勒颈动脉血流图
1111,88.7100x005,经颅多普勒眶动脉脑血流图
1112,88.7101,颈动脉多普勒氏超声检查
1113,88.7102,脑回波检查法
1114,88.7103,甲状腺超声检查
1115,88.7104,经颅多普勒超声检查(TCD)
1116,88.7200x004,心脏多普勒血流图
1117,88.7201,超声心动图
1118,88.7202,经食道超声心动图
1119,88.7300x003,胸部超声检查
1120,88.7300x004,肺彩色超声检查
1121,88.7300x005,乳房彩色超声检查
1122,88.7301,肺超声检查
1123,88.7302,乳房超声检查
1124,88.7303,主动脉弓超声检查
1125,88.7400x001,食管超声检查
1126,88.7400x002,胃超声检查
1127,88.7400x003,食管彩色超声检查
1128,88.7400x004,胃彩色超声检查
1129,88.7400x005,直肠超声检查
1130,88.7400x006,消化道系统超声检查
1131,88.7400x007,肝脏超声造影
1132,88.7401,肝胆胰超声检查
1133,88.7402,肝血管超声声学造影
1134,88.7403,肝超声检查
1135,88.7404,胆道超声检查
1136,88.7500x001,泌尿系超声检查
1137,88.7501,经直肠前列腺诊断性超声
1138,88.7502,前列腺超声检查
1139,88.7503,肾超声检查
1140,88.7504,膀胱超声检查
1141,88.7600x001,腹部超声检查
1142,88.7600x002,腹部彩色超声检查
1143,88.7601,肝胆胰脾超声检查
1144,88.7700x001,下肢血管超声检查
1145,88.7700x002,上肢血管超声检查
1146,88.7700x003,颈部血管超声检查
1147,88.7700x004,胸部血管超声检查
1148,88.7700x005,肾血管超声检查
1149,88.7700x006,腹部血管超声检查
1150,88.7700x007,锁骨下动脉超声检查
1151,88.7701,肢体血管超声检查
1152,88.7800,妊娠子宫的诊断性超声
1153,88.7801,经阴道妊娠子宫超声检查
1154,88.7900x001,盆腔超声检查
1155,88.7900x004,子宫超声检查
1156,88.7900x005,腕关节超声检查
1157,88.7900x007,背部超声检查
1158,88.7900x008,肩关节超声检查
1159,88.7900x009,膝关节超声检查
1160,88.7900x010,经阴道子宫超声检查
1161,88.7900x013,髋关节超声检查
1162,88.7901,经腹妇科超声检查
1163,88.7902,经阴道妇科超声检查
1164,88.7903,经直肠妇科超声检查
1165,88.7904,关节超声检查
1166,88.7905,浅表淋巴结超声检查
1167,88.7906,阴囊超声检查
1168,88.7907,软组织超声检查
1169,88.8100,脑热影像图
1170,88.8200,眼热影像图
1171,88.8300,骨热影像图
1172,88.8300x002,骨关节热影像图
1173,88.8400,肌热影像图
1174,88.8500,乳房热影像图
1175,88.8600,血管热影像图
1176,88.8901,淋巴热像图
1177,88.9000x001,眼光学相干断层扫描(OCT)
1178,88.9100x003,头部血管核磁共振检查
1179,88.9101,头部磁共振检查
1180,88.9201,心脏磁共振检查
1181,88.9202,胸部磁共振检查
1182,88.9203,乳腺磁共振检查
1183,88.9301,颈椎磁共振检查
1184,88.9302,胸椎磁共振检查
1185,88.9303,腰椎磁共振检查
1186,88.9304,骶尾椎磁共振检查
1187,88.9401,上肢磁共振检查
1188,88.9402,下肢磁共振检查
1189,88.9501,骨盆磁共振检查
1190,88.9502,前列腺磁共振检查
1191,88.9503,膀胱磁共振检查
1192,88.9504,核磁共振泌尿系造影(MRU)
1193,88.9600,其他手术中磁共振影像
1194,88.9700x002,眼眶核磁共振检查
1195,88.9700x004,颈部核磁共振检查
1196,88.9700x006,核磁共振胰胆管造影(MRCP)
1197,88.9700x007,核磁共振排粪检查
1198,88.9701,鼻窦核磁共振检查
1199,88.9702,颈部磁共振检查
1200,88.9703,腹部磁共振检查
1201,88.9704,眼磁共振检查
1202,88.9705,颈部血管核磁共振检查
1203,88.9800,骨矿物质密度检查
1204,89.0100,简单会谈和评估
1205,89.0200,局限性会谈和评估
1206,89.0300,全面会谈和评估
1207,89.0301,人体残伤测定
1208,89.0400,其他会谈和评估
1209,89.0500,诊断性会谈和评估
1210,89.0601,单科会诊
1211,89.0700,全面会诊
1212,89.0800x002,远程会诊
1213,89.0801,院外会诊
1214,89.0900,会诊
1215,89.1000,颈内动脉异戊巴比妥试验
1216,89.1100,眼压测量法
1217,89.1200,鼻功能性检查
1218,89.1201,嗅觉检测
1219,89.1300,神经系统检查
1220,89.1301,脑干听觉诱发电位
1221,89.1400,脑电图
1222,89.1500x001,体感诱发电位[SEP]
1223,89.1600,新生儿颅骨透照法
1224,89.1700x001,多导睡眠脑电图
1225,89.1701,睡眠监测
1226,89.1702,多导睡眠呼吸监测
1227,89.1800x001,多导睡眠监测
1228,89.1900x001,视频脑电图监测
1229,89.1900x002,脑电双频指数监测[BIS]
1230,89.2100,尿路压力测定
1231,89.2200,膀胱内压图
1232,89.2300,尿道括约肌肌电图
1233,89.2400,尿流量测定[UFR]
1234,89.2500,尿道压力分布图[UPP]
1235,89.2600x001,妇科手法检查
1236,89.2600x003,骨盆内外测量
1237,89.2901,尿生物测定
1238,89.2902,尿化学检查
1239,89.3100,牙科检查
1240,89.3200,食管压力测定
1241,89.3300,肠造口指检
1242,89.3300x002,结肠造口指检
1243,89.3400,直肠指检
1244,89.3500,鼻窦透照法
1245,89.3600,乳房手法检查
1246,89.3700,肺活量测定
1247,89.3701,肺功能测定
1248,89.3702,肺功能康复评定
1249,89.3800x003,跨肺压监测
1250,89.3801,气道激发试验
1251,89.3901,13C-尿素呼气试验
1252,89.3902,肛门直肠压力测定
1253,89.3903,食管内24小时PH监测
1254,89.3904,营养状态评估
1255,89.4101,活动平板运动试验
1256,89.4200,马斯特斯二阶应激试验
1257,89.4301,蹬车运动试验
1258,89.4401,铊应激试验伴经食管心室起搏
1259,89.4402,铊应激试验不伴经食管心室起搏
1260,89.4501,人工起搏器功能检查
1261,89.4600,人工起搏器伪差波形检查
1262,89.4700,人工起搏器电极阻抗检查
1263,89.4800,人工起搏器电压或电流阈值检查
1264,89.4900,自动化可置入的复率器（或）除颤器(AICD)检查
1265,89.5001,24小时动态心电图
1266,89.5100,节律心电图
1267,89.5200,心电图
1268,89.5300,心电向量图(用ECG)
1269,89.5400,心电监测
1270,89.5501,心音图
1271,89.5600,用ECG导联的颈动脉搏动
1272,89.5700,心尖心动图(用ECG导联)
1273,89.5801,Rigiscan检查
1274,89.5900x002,动脉硬化检测
1275,89.5900x003,直立倾斜试验
1276,89.5901,心电生理检查
1277,89.6000x001,连续血氧饱和度监测
1278,89.6100x001,24小时血压监测
1279,89.6200,中心静脉压监测
1280,89.6300,肺动脉压监测
1281,89.6400x001,漂浮导管检查[Swan-Ganz导管插入]
1282,89.6400x003,肺动脉嵌入压监测
1283,89.6500x002,动脉血气分析
1284,89.6600,混合静脉血气测量
1285,89.6700,心脏排出量监测，用氧耗技术
1286,89.6800x001,持续心排量监测（非有创）(NICCO)
1287,89.6801,心脏排出量监测（PICCO）
1288,89.6900,冠状动脉血流监测
1289,89.7x00,全身体格检查
1290,89.8x00,尸检
1291,90.0100,神经系统标本和脊髓液的显微镜检查，细菌涂片
1292,90.0200,神经系统标本和脊髓液的显微镜检查，培养
1293,90.0300,神经系统标本和脊髓液的显微镜检查，培养和敏感试验
1294,90.0400,神经系统标本和脊髓液的显微镜检查，寄生虫学检查
1295,90.0500,神经系统标本和脊髓液的显微镜检查，毒理学检查
1296,90.0600,神经系统标本和脊髓液的显微镜检查，细胞块和帕帕尼科拉乌涂片
1297,90.0900,神经系统标本和脊髓液的显微镜检查其他显微镜检查
1298,90.1100,内分泌腺标本的显微镜检查，NEC，细菌涂片
1299,90.1200,内分泌腺标本的显微镜检查，NEC，培养
1300,90.1300,内分泌腺标本的显微镜检查，NEC，培养和敏感试验
1301,90.1400,内分泌腺标本的显微镜检查，NEC，寄生虫学检查
1302,90.1500,内分泌腺标本的显微镜检查，NEC，毒理学检查
1303,90.1600,内分泌腺标本的显微镜检查，NEC，细胞块和帕帕尼科拉乌涂片
1304,90.1900,内分泌腺标本的显微镜检查，NEC其他显微镜检查
1305,90.2100,眼标本的显微镜检查，细菌涂片
1306,90.2200,眼标本的显微镜检查，培养
1307,90.2300,眼标本的显微镜检查，培养和敏感试验
1308,90.2400,眼标本的显微镜检查，寄生虫学检查
1309,90.2500,眼标本的显微镜检查，毒理学检查
1310,90.2600,眼标本的显微镜检查，细胞块和帕帕尼科拉乌涂片
1311,90.2900,眼标本的显微镜检查其他显微镜检查
1312,90.3100,耳、鼻、咽和喉标本的显微镜检查，细菌涂片
1313,90.3200,耳、鼻、咽和喉标本的显微镜检查，培养
1314,90.3300,耳、鼻、咽和喉标本的显微镜检查，培养和敏感试验
1315,90.3400,耳、鼻、咽和喉标本的显微镜检查，寄生虫学检查
1316,90.3500,耳、鼻、咽和喉标本的显微镜检查，毒理学检查
1317,90.3600,耳、鼻、咽和喉标本的显微镜检查，细胞块和帕帕尼科拉乌涂片
1318,90.3900,耳、鼻、咽和喉标本的显微镜检查其他显微镜检查
1319,90.4100,气管、支气管、胸膜、肺标本和其他胸部标本和痰的显微镜检查，细菌涂片
1320,90.4200,气管、支气管、胸膜、肺标本和其他胸部标本和痰的显微镜检查，培养
1321,90.4300,气管、支气管、胸膜、肺标本和其他胸部标本和痰的显微镜检查，培养和敏感试验
1322,90.4400,气管、支气管、胸膜、肺标本和其他胸部标本和痰的显微镜检查，寄生虫学检查
1323,90.4500,气管、支气管、胸膜、肺标本和其他胸部标本和痰的显微镜检查，毒理学检查
1324,90.4600,气管、支气管、胸膜、肺标本和其他胸部标本和痰的显微镜检查，细胞块和帕帕尼科拉乌涂片
1325,90.4900,气管、支气管、胸膜、肺标本和其他胸部标本和痰的显微镜检查其他显微镜检查
1326,90.5100,血显微镜检查，细菌涂片
1327,90.5200,血显微镜检查，培养
1328,90.5300,血显微镜检查，培养和敏感试验
1329,90.5400,血显微镜检查，寄生虫学检查
1330,90.5500,血显微镜检查，毒理学检查
1331,90.5600,血显微镜检查，细胞块和帕帕尼科拉乌涂片
1332,90.5900,血显微镜检查其他显微镜检查
1333,90.6100,脾标本和骨髓的显微镜检查，细菌涂片
1334,90.6200,脾标本和骨髓的显微镜检查，培养
1335,90.6300,脾标本和骨髓的显微镜检查，培养和敏感试验
1336,90.6400,脾标本和骨髓的显微镜检查，寄生虫学检查
1337,90.6500,脾标本和骨髓的显微镜检查，毒理学检查
1338,90.6600,脾标本和骨髓的显微镜检查，细胞块和帕帕尼科拉乌涂片
1339,90.6900,脾标本和骨髓的显微镜检查其他显微镜检查
1340,90.7100,淋巴结和淋巴标本的显微镜检查，细菌涂片
1341,90.7200,淋巴结和淋巴标本的显微镜检查，培养
1342,90.7300,淋巴结和淋巴标本的显微镜检查，培养和敏感试验
1343,90.7400,淋巴结和淋巴标本的显微镜检查，寄生虫学检查
1344,90.7500,淋巴结和淋巴标本的显微镜检查，毒理学检查
1345,90.7600,淋巴结和淋巴标本的显微镜检查，细胞块和帕帕尼科拉乌涂片
1346,90.7900,淋巴结和淋巴标本的显微镜检查其他显微镜检查
1347,90.8100,上消化道标本和呕吐物的显微镜检查，细菌涂片
1348,90.8200,上消化道标本和呕吐物的显微镜检查，培养
1349,90.8300,上消化道标本和呕吐物的显微镜检查，培养和敏感试验
1350,90.8400,上消化道标本和呕吐物的显微镜检查，寄生虫学检查
1351,90.8500,上消化道标本和呕吐物的显微镜检查，毒理学检查
1352,90.8600,上消化道标本和呕吐物的显微镜检查，细胞块和帕帕尼科拉乌涂片
1353,90.8900,上消化道标本和呕吐物的显微镜检查其他显微镜检查
1354,90.9100,下消化道标本和大便的显微镜检查，细菌涂片
1355,90.9200,下消化道标本和大便的显微镜检查，培养
1356,90.9300,下消化道标本和大便的显微镜检查，培养和敏感试验
1357,90.9400,下消化道标本和大便的显微镜检查，寄生虫学检查
1358,90.9500,下消化道标本和大便的显微镜检查，毒理学检查
1359,90.9600,下消化道标本和大便的显微镜检查，细胞块和帕帕尼科拉乌涂片
1360,90.9900,下消化道标本和大便的显微镜检查其他显微镜检查
1361,91.0100,肝、胆道和胰腺标本的显微镜检查，细菌涂片
1362,91.0200,肝、胆道和胰腺标本的显微镜检查，培养
1363,91.0300,肝、胆道和胰腺标本的显微镜检查，培养和敏感试验
1364,91.0400,肝、胆道和胰腺标本的显微镜检查，寄生虫学检查
1365,91.0500,肝、胆道和胰腺标本的显微镜检查，毒理学检查
1366,91.0600,肝、胆道和胰腺标本的显微镜检查，细胞块和帕帕尼科拉乌涂片
1367,91.0900,肝、胆道和胰腺标本的显微镜检查其他显微镜检查
1368,91.1100,腹膜和腹膜后标本的显微镜检查，细菌涂片
1369,91.1200,腹膜和腹膜后标本的显微镜检查，培养
1370,91.1300,腹膜和腹膜后标本的显微镜检查，培养和敏感试验
1371,91.1400,腹膜和腹膜后标本的显微镜检查，寄生虫学检查
1372,91.1500,腹膜和腹膜后标本的显微镜检查，毒理学检查
1373,91.1600,腹膜和腹膜后标本的显微镜检查，细胞块和帕帕尼科拉乌涂片
1374,91.1900,腹膜和腹膜后标本的显微镜检查其他显微镜检查
1375,91.2100,肾、子宫、肾周和输尿管周围组织标本的显微镜检查，细菌涂片
1376,91.2200,肾、子宫、肾周和输尿管周围组织标本的显微镜检查，培养
1377,91.2300,肾、子宫、肾周和输尿管周围组织标本的显微镜检查，培养和敏感试验
1378,91.2400,肾、子宫、肾周和输尿管周围组织标本的显微镜检查，寄生虫学检查
1379,91.2500,肾、子宫、肾周和输尿管周围组织标本的显微镜检查，毒理学检查
1380,91.2600,肾、子宫、肾周和输尿管周围组织标本的显微镜检查，细胞块和帕帕尼科拉乌涂片
1381,91.2900,肾、子宫、肾周和输尿管周围组织标本的显微镜检查其他显微镜检查
1382,91.3100,膀胱、尿道、前列腺、精囊、膀胱周围组织标本和尿及精液的显微镜检查，细菌涂片
1383,91.3200,膀胱、尿道、前列腺、精囊、膀胱周围组织标本和尿及精液的显微镜检查，培养
1384,91.3300,膀胱、尿道、前列腺、精囊、膀胱周围组织标本和尿及精液的显微镜检查，培养和敏感试验
1385,91.3400,膀胱、尿道、前列腺、精囊、膀胱周围组织标本和尿及精液的显微镜检查，寄生虫学检查
1386,91.3500,膀胱、尿道、前列腺、精囊、膀胱周围组织标本和尿及精液的显微镜检查，毒理学检查
1387,91.3600,膀胱、尿道、前列腺、精囊、膀胱周围组织标本和尿及精液的显微镜检查，细胞块和帕帕尼科拉乌涂片
1388,91.3900,膀胱、尿道、前列腺、精囊、膀胱周围组织标本和尿及精液的显微镜检查其他显微镜检查
1389,91.4100,女性生殖道标本的显微镜检查，细菌涂片
1390,91.4200,女性生殖道标本的显微镜检查，培养
1391,91.4300,女性生殖道标本的显微镜检查，培养和敏感试验
1392,91.4400,女性生殖道标本的显微镜检查，寄生虫学检查
1393,91.4500,女性生殖道标本的显微镜检查，毒理学检查
1394,91.4600,女性生殖道标本的显微镜检查，细胞块和帕帕尼科拉乌涂片
1395,91.4900,女性生殖道标本的显微镜检查其他显微镜检查
1396,91.5100,肌肉骨骼系统标本和关节积液的显微镜检查，细菌涂片
1397,91.5200,肌肉骨骼系统标本和关节积液的显微镜检查，培养
1398,91.5300,肌肉骨骼系统标本和关节积液的显微镜检查，培养和敏感试验
1399,91.5400,肌肉骨骼系统标本和关节积液的显微镜检查，寄生虫学检查
1400,91.5500,肌肉骨骼系统标本和关节积液的显微镜检查，毒理学检查
1401,91.5600,肌肉骨骼系统标本和关节积液的显微镜检查，细胞块和帕帕尼科拉乌涂片
1402,91.5900,肌肉骨骼系统标本和关节积液的显微镜检查其他显微镜检查
1403,91.6100,皮肤和其他体被标本的显微镜检查，细菌涂片
1404,91.6200,皮肤和其他体被标本的显微镜检查，培养
1405,91.6300,皮肤和其他体被标本的显微镜检查，培养和敏感试验
1406,91.6400,皮肤和其他体被标本的显微镜检查，寄生虫学检查
1407,91.6500,皮肤和其他体被标本的显微镜检查，毒理学检查
1408,91.6600,皮肤和其他体被标本的显微镜检查，细胞块和帕帕尼科拉乌涂片
1409,91.6900,皮肤和其他体被标本的显微镜检查其他显微镜检查
1410,91.7100,手术伤口标本的显微镜检查，细菌涂片
1411,91.7200,手术伤口标本的显微镜检查，培养
1412,91.7300,手术伤口标本的显微镜检查，培养和敏感试验
1413,91.7400,手术伤口标本的显微镜检查，寄生虫学检查
1414,91.7500,手术伤口标本的显微镜检查，毒理学检查
1415,91.7600,手术伤口标本的显微镜检查，细胞块和帕帕尼科拉乌涂片
1416,91.7900,手术伤口标本的显微镜检查其他显微镜检查
1417,91.8100,其他部位标本的显微镜检查，细菌涂片
1418,91.8200,其他部位标本的显微镜检查，培养
1419,91.8300,其他部位标本的显微镜检查，培养和敏感试验
1420,91.8400,其他部位标本的显微镜检查，寄生虫学检查
1421,91.8500,其他部位标本的显微镜检查，毒理学检查
1422,91.8600,其他部位标本的显微镜检查，细胞块和帕帕尼科拉乌涂片
1423,91.8900,其他部位标本的显微镜检查其他显微镜检查
1424,91.9100,未特指的部位标本显微镜检查，细菌涂片
1425,91.9200,未特指的部位标本显微镜检查，培养
1426,91.9300,未特指的部位标本显微镜检查，培养和敏感试验
1427,91.9400,未特指的部位标本显微镜检查，寄生虫学检查
1428,91.9500,未特指的部位标本显微镜检查，毒理学检查
1429,91.9600,未特指的部位标本显微镜检查，细胞块和帕帕尼科拉乌涂片
1430,91.9900,未特指的部位标本显微镜检查其他显微镜检查
1431,92.0101,甲状腺核素扫描
1432,92.0201,肝核素扫描
1433,92.0300x002,肾清除率检查
1434,92.0301,肾核素扫描
1435,92.0400x001,胃食管核素检查
1436,92.0401,胃肠核素扫描
1437,92.0500x001,心肌核素显像
1438,92.0501,心血管核素扫描
1439,92.0502,骨髓核素扫描
1440,92.0503,脾核素扫描
1441,92.0900x001,肾上腺核素扫描
1442,92.0900x002,其他放射性核素扫描
1443,92.1101,脑核素扫描
1444,92.1201,腮腺核素扫描
1445,92.1202,耳咽管核素扫描
1446,92.1300x001,甲状旁腺核素扫描
1447,92.1401,骨核素扫描
1448,92.1501,肺核素扫描
1449,92.1601,淋巴系统核素扫描
1450,92.1701,胎盘核素扫描
1451,92.1800x001,全身核素扫描
1452,92.1800x002,PET-CT扫描
1453,92.1801,全身正子X线断层显像-计算机断层显像
1454,92.1900x001,唾液腺核素扫描
1455,92.1901,肢体静脉核素扫描
1456,92.1902,肢体动脉核素扫描
1457,92.1903,腹部核素扫描
1458,92.1904,盆腔核素扫描
1459,92.1905,乳房核素扫描
1460,92.2000,短程放射性核素治疗的液体输注
1461,95.0101,配镜检查
1462,95.0102,视力检查
1463,95.0104,角膜内皮镜检查
1464,95.0105,角膜曲率检查
1465,95.0200,综合性眼检查
1466,95.0300x004,巩膜透照
1467,95.0301,青光眼检查
1468,95.0302,神经性眼病检查
1469,95.0303,视网膜疾病检查
1470,95.0400,麻醉下眼检查
1471,95.0500,视野检查
1472,95.0600,色觉检查
1473,95.0700,黑暗适应检查
1474,95.0901,视觉检查
1475,95.1100,眼底照相术
1476,95.1200x003,吲哚青绿脉络膜血管造影
1477,95.1201,眼荧光素血管造影
1478,95.1202,眼毛细血管显微镜检查
1479,95.1300,眼超声检查
1480,95.1300x002,超声生物显微镜检查[UBM检查]
1481,95.1400,眼X线检查
1482,95.1500,眼运动检查
1483,95.1601,光学相干性视网膜扫描
1484,95.2100,视网膜电图[ERG]
1485,95.2200,眼动图[EOG]
1486,95.2300,视觉诱发电位[VEP]
1487,95.2400,眼震电流描记图[ENG]
1488,95.2500,眼肌电图[EMG]
1489,95.2601,角膜地形图
1490,95.3101,配镜
1491,95.3200x001,角膜接触镜配镜
1492,95.3301,助视镜安装
1493,95.3400,眼假体
1494,95.3500,视轴矫正训练
1495,95.3600,眼科咨询和指导
1496,95.4101,电测听检查
1497,95.4102,耳声发射
1498,95.4201,音叉听力试验
1499,95.4202,耳语听力试验
1500,95.4300,听力评估
1501,95.4301,韦伯听力评估
1502,95.4401,前庭功能热试验
1503,95.4500,旋转测验
1504,95.4601,前庭功能检查
1505,95.4700x002,听觉诱发电位[AEP]
1506,95.4800,助听器安装
1507,95.4900,其他与听力相关的非手术性操作
1508,95.4900x001,人工耳蜗调试
1509,96.0100,鼻咽导气管的置入
1510,96.0200,口咽导气管置入
1511,96.0300,食管阻塞导气管置入
1512,96.0500x002,喉罩插入
1513,96.0700x001,胃插管减压
1514,96.0700x002,NAVA导管插入
1515,96.0800x001,肠插管减压
1516,96.0800x004,鼻空肠营养管置入术
1517,96.0800x005,鼻十二指肠营养管置入术
1518,96.0800x006,经鼻肠营养管置入术
1519,96.0800x007,经鼻肠营养管调整术
1520,96.0900,直肠导管置入
1521,96.0901,直肠导管置换
1522,96.1100,外耳道填塞
1523,96.1400,阴道填塞
1524,96.1500,阴道塑模置入
1525,96.1600x001,阴道扩张
1526,96.1601,阴道口手法扩张术
1527,96.1700,阴道隔膜置入
1528,96.1900,直肠填塞
1529,96.2100,额鼻管扩张
1530,96.2200,直肠扩张
1531,96.2300,肛门括约肌扩张
1532,96.2400x001,肠造口扩张
1533,96.2401,结肠造口手法扩张
1534,96.2501,膀胱水扩张疗法
1535,96.2600,直肠脱垂手法复位术
1536,96.2700,疝手法复位术
1537,96.2800,肠造口脱垂手法复位术
1538,96.3100x001,胃低温
1539,96.3200,胃冷冻
1540,96.3300,胃灌洗
1541,96.3400x001,鼻-胃管冲洗
1542,96.3500x001,鼻饲
1543,96.3601,胃造口冲洗
1544,96.3602,肠造口冲洗
1545,96.3700x001,菌群移植治疗
1546,96.3800,嵌塞粪便去除
1547,96.3901,直肠冲洗
1548,96.3902,中药结肠透析
1549,96.3903,小儿中药灌肠退热术
1550,96.3904,中药保留灌肠
1551,96.4101,胆囊造口冲洗
1552,96.4102,胆管冲洗
1553,96.4200,胰管冲洗术
1554,96.4300,消化道滴注，除外胃饲法（胃管）
1555,96.4400,阴道冲洗
1556,96.4501,肾造口冲洗
1557,96.4502,肾盂造口冲洗
1558,96.4601,输尿管造口冲洗
1559,96.4602,输尿管导管冲洗
1560,96.4700,膀胱造口冲洗术
1561,96.4801,导尿管冲洗
1562,96.4901,膀胱灌注
1563,96.5100,眼冲洗术
1564,96.5200x001,耳耵聍去除
1565,96.5200x002,外耳道冲洗
1566,96.5201,耵聍冲洗术
1567,96.5300,鼻道冲洗术
1568,96.5400x001,洁牙
1569,96.5400x002,龈下刮治术
1570,96.5401,超声洁牙术
1571,96.5700,血管导管冲洗术
1572,96.5800,伤口导管冲洗术
1573,96.5900x001,清洁伤口
1574,96.6x01,肠内高营养
1575,96.6x02,胃肠内高营养
1576,97.0101,鼻-胃管置换
1577,97.0200,胃造口导管置换
1578,97.0301,小肠造口导管置换
1579,97.0302,空肠造口管置换术
1580,97.0401,大肠造口导管置换
1581,97.0501,胆管引流管置换术
1582,97.0503,胰管套管置换
1583,97.0504,胆囊引流管置换术
1584,97.1100,置换上肢石膏管型
1585,97.1200,置换下肢石膏管型
1586,97.1300x001,石膏置换
1587,97.1400x001,外固定置换
1588,97.1500,置换伤口引流管
1589,97.1600x001,伤口填塞物置换
1590,97.1600x002,伤口引流条置换
1591,97.2100,鼻填塞物的置换
1592,97.2200,牙填塞物的置换
1593,97.2300,气管造口导管的置换
1594,97.2301,气管套管置换术
1595,97.2400x001,阴道隔膜置换
1596,97.2500x001,子宫托置换
1597,97.2601,阴道填塞物置换
1598,97.2602,阴道引流物置换
1599,97.2900,其他非手术性置换
1600,97.2900x001,耳内填塞物置换
1601,97.3100,去除眼假体
1602,97.3200,去除鼻填塞物
1603,97.3300x001,颌间结扎去除
1604,97.3400,去除牙填塞物
1605,97.3500,去除牙假体
1606,97.3600x002,颌骨外固定去除
1607,97.3601,颌骨牵引器去除
1608,97.3700x001,气管插管去除
1609,97.3800x001,口腔缝线去除
1610,97.3801,角膜缝线去除
1611,97.3802,结膜缝线去除
1612,97.3803,眼部缝线去除
1613,97.3804,头部缝线去除
1614,97.3805,颈部缝线去除
1615,97.3806,腭部缝线去除
1616,97.3901,颈部治疗性装置去除
1617,97.3902,头部治疗性装置去除
1618,97.3903,鼻后孔成形管取出术
1619,97.3904,头盆环牵引去除
1620,97.3905,鼻泪管支架取出术
1621,97.4101,胸腔引流管取出术
1622,97.4200,去除纵隔引流物
1623,97.4300,去除胸缝线
1624,97.4400x003,主动脉球囊反搏装置去除[IABP装置去除]
1625,97.4401,循环辅助装置去除
1626,97.4402,心脏辅助装置去除
1627,97.4900,去除胸的其他装置
1628,97.5100,去除胃造口导管
1629,97.5200,去除小肠导管
1630,97.5301,直肠导管去除
1631,97.5400,去除胆囊造口导管
1632,97.5501,去除胆管支架
1633,97.5502,胆管引流管取出术
1634,97.5503,去除T型管术
1635,97.5504,肝引流管取出术
1636,97.5602,胰腺引流管去除
1637,97.5603,去除胰腺导管
1638,97.6101,肾造口导管取出术
1639,97.6102,肾盂造口导管取出术
1640,97.6201,输尿管导管去除
1641,97.6202,输尿管造口导管去除
1642,97.6203,输尿管双“J”管取出术
1643,97.6204,输尿管镜输尿管支架取出术
1644,97.6205,膀胱镜输尿管支架取出术
1645,97.6300,去除膀胱造口导管
1646,97.6400x001,导尿管去除
1647,97.6401,去除留置的泌尿系统导管
1648,97.6402,膀胱镜D-J管取出术
1649,97.6501,去除尿道支撑物
1650,97.6901,膀胱支架去除
1651,97.6902,前列腺支架去除
1652,97.7101,子宫内避孕器取出术
1653,97.7102,宫腔镜子宫内避孕器取出术
1654,97.7200,取出子宫内填塞物
1655,97.7300,取出阴道隔膜
1656,97.7400x001,子宫托去除
1657,97.7500x001,阴道填塞物去除
1658,97.7900x003,外阴缝线去除
1659,97.7900x004,阴茎缝线去除
1660,97.7901,阴道缝线去除
1661,97.7902,宫颈缝线去除
1662,97.7903,宫颈管支架取出术
1663,97.7904,宫腔支架取出术
1664,97.8100,去除腹膜后引流装置
1665,97.8200,去除腹膜引流装置
1666,97.8300,去除腹壁缝线
1667,97.8400,去除躯干缝线
1668,97.8500,去除躯干填塞物
1669,97.8600x004,腹腔化疗泵去除
1670,97.8600x006,盆腔化疗泵去除
1671,97.8600x007,腹膜透析导丝法拔管
1672,97.8600x008,腹膜透析腹腔法拔管
1673,97.8600x009,腹膜透析手工法拔管
1674,97.8601,腹膜透析管去除
1675,97.8602,腹腔DDS泵取出术
1676,97.8603,肝动脉泵取出术
1677,97.8700x001,躯干装置去除
1678,97.8801,外固定装置取出术
1679,97.8802,石膏外固定去除
1680,97.8900x003,肢体缝线去除
1681,97.8900x004,为肾透析的半永久静脉导管拔管
1682,97.8900x005,为肾透析的临时静脉导管拔管
1683,97.8901,皮肤扩张器取出术
1684,97.8902,输注泵取出术
1685,97.8903,化疗泵取出术
1686,97.8904,缝线去除
1687,97.8905,PICC管去除
1688,98.0200x001,食管内异物去除
1689,98.0201,食管镜食管异物取出术
1690,98.5900x002,子宫结石体外冲击波碎石
1691,99.0000x002,自体血回输(术中)
1692,99.0001,自体血液回输
1693,99.0100x001,供者采血
1694,99.0100x003,全血置换
1695,99.0101,动脉输血术
1696,99.0102,换血术
1697,99.0200x001,自体血回输
1698,99.0301,输血
1699,99.0400x001,成份血细胞输入
1700,99.0401,红细胞输入
1701,99.0500,输入血小板
1702,99.0601,输入抗血友病因子
1703,99.0701,血浆输入
1704,99.0800,血容量扩充药的输入
1705,99.0901,人造血浆输入
1706,99.0902,间充质干细胞回输
1707,99.1000x011,下腔静脉导管溶栓
1708,99.1100,注射Rh免疫球蛋白
1709,99.1201,脱敏疗法
1710,99.1300,自体免疫病的免疫接种
1711,99.1401,免疫血清注射
1712,99.1501,全部胃肠外营养
1713,99.1502,周围胃肠外营养
1714,99.1600x003,肉毒素注射
1715,99.1601,抗蛇毒素注射
1716,99.1602,重金属拮抗剂注射
1717,99.1700,注射胰岛素
1718,99.1800x001,电解质制剂注射
1719,99.1800x002,电解质制剂输注
1720,99.1900,注射凝血药
1721,99.2000x001,血小板抑制剂注射
1722,99.2000x002,血小板抑制剂输注
1723,99.2100,注射抗生素
1724,99.2200x001,抗感染药物注射
1725,99.2300,类固醇注射
1726,99.2400x001,肾上腺皮质激素类药物注射
1727,99.2401,骨囊肿激素注射术
1728,99.2600,注射镇静药
1729,99.2700,电离子透入疗法
1730,99.2802,小剂量白介素治疗
1731,99.2803,溶瘤腺病毒注射术
1732,99.2900x005,肛周湿疹封闭
1733,99.2900x006,玻尿酸注射
1734,99.2900x007,非抗肿瘤免疫治疗
1735,99.2901,异位妊娠化疗药物注射
1736,99.2902,穴位注射
1737,99.2903,膀胱颈硬化剂注射
1738,99.2904,血管瘤硬化剂注射
1739,99.2905,血管瘤平阳霉素注射
1740,99.2906,颞部充填术（透明质酸钠注射）
1741,99.2907,超声定位下肉毒素注射
1742,99.2908,肌电定位下肉毒素注射
1743,99.3100,抗霍乱接种
1744,99.3200,抗伤寒和副伤寒接种
1745,99.3300,抗结核接种
1746,99.3400,抗鼠疫接种
1747,99.3500,抗兔热病接种
1748,99.3600,应用白喉类毒素
1749,99.3700,接种抗百日咳
1750,99.3800,破伤风类毒素应用
1751,99.3900,白喉-百日咳-破伤风的三联混合菌应用
1752,99.4100,脊髓灰质炎疫苗应用
1753,99.4200,抗天花接种
1754,99.4300,抗黄热病接种
1755,99.4400,抗狂犬病接种
1756,99.4500,抗麻疹接种
1757,99.4600,抗流行性腮腺炎接种
1758,99.4700,抗风疹接种
1759,99.4800,使用麻疹-流行性腮腺炎-风疹疫苗
1760,99.5100,抗感冒的预防性接种
1761,99.5200,抗流行性感冒的预防性接种
1762,99.5300x001,病毒性脑炎疫苗预防性接种
1763,99.5400,抗节肢动物传播的病毒性疾病的预防性接种
1764,99.5500,抗其他疾病的预防性疫苗应用
1765,99.5600,应用破伤风抗毒素
1766,99.5600x001,破伤风抗毒素治疗
1767,99.5700x001,肉毒中毒抗毒素治疗
1768,99.5801,气性坏疽抗毒素治疗
1769,99.5802,猩红热抗毒素治疗
1770,99.5900,其他种痘和接种
1771,99.6000,心肺复苏
1772,99.6100,心房复律术
1773,99.6200x001,电除颤
1774,99.6201,心律电复律
1775,99.6202,心室内除颤
1776,99.6300x001,心外按压
1777,99.6400,颈动脉窦剌激
1778,99.6900,其他心律复转
1779,99.7100,治疗性血浆去除术
1780,99.7200,治疗性白细胞去除术
1781,99.7200x002,治疗性淋巴细胞去除
1782,99.7200x003,治疗性粒细胞去除
1783,99.7300,治疗性红细胞去除术
1784,99.7400,治疗性血小板去除术
1785,99.7500,神经保护药的使用
1786,99.7600,体外免疫吸附
1787,99.7700x001,屏障物置入
1788,99.7800,液体平衡疗法
1789,99.7901,干细胞采集
1790,99.8100x001,体表物理降温
1791,99.8200x002,局部红外线照射
1792,99.8200x003,新生儿紫外线照射
1793,99.8200x004,局部紫外线照射
1794,99.8300x003,强脉冲光治疗
1795,99.8300x004,红光治疗
1796,99.8300x005,蓝光照射治疗
1797,99.8301,新生儿蓝光治疗
1798,99.8400,隔离
1799,99.8500x001,微波治疗
1800,99.8500x002,振荡波治疗
1801,99.8500x003,热疗(用于癌症)
1802,99.8500x004,高强度聚焦超声治疗[HIFU]
1803,99.8501,癌瘤微波治疗术
1804,99.8502,体外聚焦热疗[FEP]
1805,99.8503,温热化疗术
1806,99.8601,骨创伤治疗仪使用
1807,99.8800x002,光化学疗法[PUVA]
1808,99.8801,光动力学疗法
1809,99.8802,胆管癌光化学疗法[PUVA]
1810,99.8803,食管癌光化学疗法[PUVA]
1811,99.8804,胃癌光化学疗法[PUVA]
1812,99.9100,针刺用于麻醉
1813,99.9300,直肠按摩(用于提肛肌痉挛)
1814,99.9400,前列腺按摩
1815,99.9500,包皮伸长
1816,99.9600,收集精液用于人工授精
1817,99.9700,安装牙托
1818,99.9800,授乳乳房的乳汁抽吸
1819,99.9900x010,氩气刀治疗
1820,99.9900x011,口服免疫抑制剂治疗
1821,99.9901,水蛭疗法
1822,99.9902,蜂针疗法
