手术编码,手术名称,例数,op_class,性质,匹配方式,依据
17.9200X024,基本手法推拿治疗,119,1,中医操作,②名称精确,与附件2 `17.92500`「基本手法推拿治疗」同名
99.9200X016,电针治疗,106,2,中医操作,②名称精确,与附件2 `17.912A0`「电针治疗」同名
93.3500X010,隔物灸治疗,85,3,中医操作,②名称精确,与附件2 `17.91320`「隔物灸治疗」同名
93.3908,中药贴敷,68,4,中医操作,①精确码,附件2 `93.3908` 中药贴敷（IS2F）
17.9200X029,腰椎间盘突出推拿治疗,48,1,中医操作,②名称精确,与附件2 `17.92650`「腰椎间盘突出推拿治疗」同名
17.9200X001,颈椎病推拿治疗,48,1,中医操作,②名称精确,与附件2 `17.92110`「颈椎病推拿治疗」同名
99.9201,毫针刺法,43,2,中医操作,③名称关键词,名称命中「针刺/针刀」
17.9700X029,桡骨下端骨折手法整复术,37,0,中医操作,②名称精确,与附件2 `17.972E0`「桡骨下端骨折手法整复术」同名
93.3500X011,悬灸治疗,28,3,中医操作,②名称精确,与附件2 `17.91330`「悬灸治疗」同名
17.9700X038,踝关节单踝骨折手法整复术,12,0,中医操作,②名称精确,与附件2 `17.972P0`「踝关节单踝骨折手法整复术」同名
17.9700X017,肱骨外科颈骨折手法整复术,7,0,中医操作,②名称精确,与附件2 `17.97220`「肱骨外科颈骨折手法整复术」同名
17.9700X040,足部骨折手法整复术,7,0,中医操作,②名称精确,与附件2 `17.972R0`「足部骨折手法整复术」同名
17.9700X019,肱骨干骨折手法整复术,6,0,中医操作,②名称精确,与附件2 `17.97240`「肱骨干骨折手法整复术」同名
17.9700X016,锁骨骨折手法整复术,4,0,中医操作,②名称精确,与附件2 `17.97210`「锁骨骨折手法整复术」同名
17.9700X037,胫腓骨干骨折手法整复术,4,0,中医操作,②名称精确,与附件2 `17.972N0`「胫腓骨干骨折手法整复术」同名
93.5402,石膏托固定术,3,0,中医操作,③名称关键词,名称命中「手法整复/正骨/固定牵引」
17.9700X024,桡骨头骨折手法整复术,3,0,中医操作,②名称精确,与附件2 `17.97290`「桡骨头骨折手法整复术」同名
17.9700X020,肱骨髁上骨折手法整复术,3,0,中医操作,②名称精确,与附件2 `17.97250`「肱骨髁上骨折手法整复术」同名
17.9700X035,髌骨骨折手法整复术,2,0,中医操作,②名称精确,与附件2 `17.972L0`「髌骨骨折手法整复术」同名
17.9200X003,中风后遗症推拿治疗,2,1,中医操作,③名称关键词,名称命中「推拿/松解」
93.3907,中医按摩手法治疗,1,1,中医操作,①精确码,附件2 `93.3907` 中医按摩手法治疗（IS2F）
93.5405,中医小夹板固定术,1,0,中医操作,③名称关键词,名称命中「手法整复/正骨/固定牵引」
99.9200X019,针刀治疗,1,2,中医操作,③名称关键词,名称命中「针刺/针刀」
78.4900X006,趾骨矫正术,1,,非中医操作,未匹配,
17.9700X041,脊柱骨折手法整复术,1,0,中医操作,②名称精确,与附件2 `17.972S0`「脊柱骨折手法整复术」同名
78.6701,胫骨内固定装置去除术,1,,非中医操作,未匹配,
93.4600X001,皮牵引,1,0,中医操作,③名称关键词,名称命中「手法整复/正骨/固定牵引」
80.8900,其他特指部位关节病损的其他局部切除术或破坏术,1,,非中医操作,未匹配,
17.9700X026,桡尺骨干单骨折手法整复术,1,0,中医操作,②名称精确,与附件2 `17.972B0`「桡尺骨干单骨折手法整复术」同名
17.9700X025,桡尺骨干双骨折手法整复术,1,0,中医操作,②名称精确,与附件2 `17.972A0`「桡尺骨干双骨折手法整复术」同名
78.6601,髌骨内固定装置去除术,1,,非中医操作,未匹配,
78.6303,尺骨内固定装置去除术,1,,非中医操作,未匹配,
93.3512,隔物灸,1,3,中医操作,③名称关键词,名称命中「灸法」
78.6800X006,跟骨内固定物取出术,1,,非中医操作,未匹配,
17.9700X018,肱骨大结节骨折手法整复术,1,0,中医操作,②名称精确,与附件2 `17.97230`「肱骨大结节骨折手法整复术」同名
17.9700X033,股骨干骨折手法整复术,1,0,中医操作,③名称关键词,名称命中「手法整复/正骨/固定牵引」
93.4400X003,股骨牵引,1,0,中医操作,③名称关键词,名称命中「手法整复/正骨/固定牵引」
81.9100,关节穿刺术,1,,非中医操作,未匹配,
17.9700X039,踝关节骨折脱位手法整复术,1,0,中医操作,②名称精确,与附件2 `17.972Q0`「踝关节骨折脱位手法整复术」同名
78.6705,踝关节内固定装置去除术,1,,非中医操作,未匹配,
