code,name,keyword,core,freq
M48.903,腰椎退行性病变,腰椎退行性病变,腰椎退行性病变,894
I10.x00x002,高血压病,高血压病,高血压病,799
M81.900,骨质疏松,骨质疏松,骨质疏松,552
E14.900x001,糖尿病,糖尿病,糖尿病,501
M48.901,颈椎退行性病变,颈椎退行性病变,颈椎退行性病变,309
I25.103,冠心病,冠心病,冠心病,240
E78.500,高脂血症,高脂血症,高脂血症,198
M81.900x092,重度骨质疏松,重度骨质疏松,重度骨质疏松,172
M51.202,腰椎间盘突出症,腰椎间盘突出症,腰椎间盘突出症,145
M50.201,颈椎间盘突出症,颈椎间盘突出症,颈椎间盘突出症,112
M81.900,中度骨质疏松,中度骨质疏松,中度骨质疏松,99
M65.906,左膝关节滑膜炎,左膝关节滑膜炎,膝关节滑膜炎,87
M25.505,右髋关节痛,右髋关节痛,髋关节痛,80
E79.001,高尿酸血症,高尿酸血症,高尿酸血症,80
M25.505,左髋关节痛,左髋关节痛,髋关节痛,71
I10.x00x002,高血压,高血压,高血压,67
M17.900x002,双膝关节退行性病变,双膝关节退行性病变,膝关节退行性病变,64
M81.900,轻度骨质疏松,轻度骨质疏松,轻度骨质疏松,61
M65.906,右膝关节滑膜炎,右膝关节滑膜炎,膝关节滑膜炎,60
M17.900x002,左膝关节退行性病变,左膝关节退行性病变,膝关节退行性病变,55
M23.308,左膝半月板损伤,左膝半月板损伤,膝半月板损伤,52
S52.802,右尺骨茎突骨折,右尺骨茎突骨折,尺骨茎突骨折,49
M65.906,双膝关节滑膜炎,双膝关节滑膜炎,膝关节滑膜炎,47
S52.802,左尺骨茎突骨折,左尺骨茎突骨折,尺骨茎突骨折,46
M25.505,双髋关节痛,双髋关节痛,髋关节痛,45
K76.000,脂肪肝,脂肪肝,脂肪肝,44
M17.900x003,双侧膝关节骨性关节病,双侧膝关节骨性关节病,膝关节骨性关节病,43
M17.900x004,左侧膝关节骨性关节病,左侧膝关节骨性关节病,侧膝关节骨性关节病,41
M51.202,腰椎间盘突出症L3/4-L5/S1,腰椎间盘突出症L3/4-L5/S1,腰椎间盘突出症L3/4-L5/S1,40
M23.308,右膝半月板损伤,右膝半月板损伤,膝半月板损伤,40
M43.006,腰4椎体滑脱,腰4椎体滑脱,腰4椎体滑脱,39
K29.500,慢性胃炎,慢性胃炎,慢性胃炎,39
M75.001,右肩肩周炎,右肩肩周炎,肩肩周炎,35
I45.102,完全性右束支传导阻滞,完全性右束支传导阻滞,完全性右束支传导阻滞,34
M17.900x004,右侧膝关节骨性关节病,右侧膝关节骨性关节病,侧膝关节骨性关节病,34
M23.308,双膝半月板损伤,双膝半月板损伤,膝半月板损伤,34
M48.902,胸椎退行性病变,胸椎退行性病变,胸椎退行性病变,31
M51.202,腰椎间盘突出症L1/2-L5/S1,腰椎间盘突出症L1/2-L5/S1,腰椎间盘突出症L1/2-L5/S1,31
M75.001,左肩肩周炎,左肩肩周炎,肩肩周炎,31
M65.905,双髋关节滑膜炎,双髋关节滑膜炎,髋关节滑膜炎,30
G47.900,睡眠障碍,睡眠障碍,睡眠障碍,30
M51.202,腰椎间盘突出症L4/5-L5/S1,腰椎间盘突出症L4/5-L5/S1,腰椎间盘突出症L4/5-L5/S1,29
M17.900x002,右膝关节退行性病变,右膝关节退行性病变,膝关节退行性病变,28
M65.901,左肩关节滑膜炎,左肩关节滑膜炎,肩关节滑膜炎,28
M23.308,双膝关节半月板损伤,双膝关节半月板损伤,膝关节半月板损伤,27
D64.901,轻度贫血,轻度贫血,轻度贫血,26
I69.300,脑梗死后遗症,脑梗死后遗症,脑梗死后遗症,25
I63.801,腔隙性脑梗死,腔隙性脑梗死,腔隙性脑梗死,25
I11.901,高血压性心脏病,高血压性心脏病,高血压性心脏病,24
G95.800x010,骶管囊肿,骶管囊肿,骶管囊肿,23
M17.900x004,右膝关节骨性关节病,右膝关节骨性关节病,膝关节骨性关节病,23
M51.202,腰椎间盘突出症L2/3-L5/S1,腰椎间盘突出症L2/3-L5/S1,腰椎间盘突出症L2/3-L5/S1,22
M17.900x002,左膝关节退行性改变,左膝关节退行性改变,膝关节退行性改变,22
T92.106,陈旧性左桡骨远端骨折,陈旧性左桡骨远端骨折,陈旧性左桡骨远端骨折,20
I48.x01,心房颤动,心房颤动,心房颤动,20
M50.201,颈椎间盘突出症C3/4-C6/7,颈椎间盘突出症C3/4-C6/7,颈椎间盘突出症C3/4-C6/7,20
